<?xml version="1.0" encoding="UTF-8" standalone="no"?>

<!DOCTYPE paula SYSTEM "paula_mark.dtd">
<paula version="1.0">

<header paula_id="a22.YA421-428_lb_nSeg"/>

<markList xmlns:xlink="http://www.w3.org/1999/xlink" type="lb_nSeg" xml:base="a22.YA421-428.tok.xml">
<mark id="lb_n_1" xlink:href="#xpointer(id('tok_1')/range-to(id('tok_8')))"/><!-- ⲟⲩ...ⲩ -->
<mark id="lb_n_9" xlink:href="#tok_9"/><!-- ⲃⲁⲩⲕⲁⲗⲓⲟⲛ` -->
<mark id="lb_n_10" xlink:href="#xpointer(id('tok_10')/range-to(id('tok_14')))"/><!-- ⲏ̂...ϣⲟ -->
<mark id="lb_n_15" xlink:href="#xpointer(id('tok_15')/range-to(id('tok_17')))"/><!-- ϣ...ⲉϩⲣⲁⲓ̈ -->
<mark id="lb_n_18" xlink:href="#xpointer(id('tok_18')/range-to(id('tok_22')))"/><!-- ⲉ...ϩⲛⲁ -->
<mark id="lb_n_23" xlink:href="#xpointer(id('tok_23')/range-to(id('tok_26')))"/><!-- ⲁⲩ`...ⲧ︤ⲛ︥ⲧⲱⲛ -->
<mark id="lb_n_27" xlink:href="#xpointer(id('tok_27')/range-to(id('tok_31')))"/><!-- ⲉ...ⲟⲩ -->
<mark id="lb_n_32" xlink:href="#xpointer(id('tok_32')/range-to(id('tok_33')))"/><!-- ⲟⲩⲉϩ...ⲥⲁϩⲛⲉ -->
<mark id="lb_n_34" xlink:href="#xpointer(id('tok_34')/range-to(id('tok_38')))"/><!-- ⲛⲁ...ϩ︤ⲗ︥ -->
<mark id="lb_n_39" xlink:href="#xpointer(id('tok_39')/range-to(id('tok_40')))"/><!-- ⲗⲱ...ⲉⲓⲙⲏⲧⲓ -->
<mark id="lb_n_41" xlink:href="#xpointer(id('tok_41')/range-to(id('tok_45')))"/><!-- ⲡ...ⲣⲱⲙⲉ -->
<mark id="lb_n_46" xlink:href="#xpointer(id('tok_46')/range-to(id('tok_48')))"/><!-- ⲉⲧ...ⲙ̄ -->
<mark id="lb_n_49" xlink:href="#xpointer(id('tok_49')/range-to(id('tok_52')))"/><!-- ⲙⲁⲧⲉ...ϩ︤ⲗ︥ -->
<mark id="lb_n_53" xlink:href="#xpointer(id('tok_53')/range-to(id('tok_58')))"/><!-- ⲗⲟ`...ⲛ̄ -->
<mark id="lb_n_59" xlink:href="#xpointer(id('tok_59')/range-to(id('tok_60')))"/><!-- ⲣⲱⲙⲉ...ⲁⲩⲱ -->
<mark id="lb_n_61" xlink:href="#xpointer(id('tok_61')/range-to(id('tok_63')))"/><!-- ⲛⲉⲓ̈...ⲉ -->
<mark id="lb_n_64" xlink:href="#xpointer(id('tok_64')/range-to(id('tok_67')))"/><!-- ⲧⲣⲉ...ⲛ̄ -->
<mark id="lb_n_68" xlink:href="#xpointer(id('tok_68')/range-to(id('tok_72')))"/><!-- ⲧⲟⲟⲧ︤...ϩ︤ⲗ︥ -->
<mark id="lb_n_73" xlink:href="#xpointer(id('tok_73')/range-to(id('tok_75')))"/><!-- ⲗⲟ...ⲉⲣ -->
<mark id="lb_n_76" xlink:href="#xpointer(id('tok_76')/range-to(id('tok_78')))"/><!-- Ϣⲁⲛ...ⲁⲛⲁⲅ -->
<mark id="lb_n_79" xlink:href="#xpointer(id('tok_79')/range-to(id('tok_81')))"/><!-- ⲕ̣ⲏ̣...ⲉ -->
<mark id="lb_n_82" xlink:href="#xpointer(id('tok_82')/range-to(id('tok_85')))"/><!-- ⲧⲣⲉ...ⲭⲣⲓ -->
<mark id="lb_n_86" xlink:href="#xpointer(id('tok_86')/range-to(id('tok_90')))"/><!-- ⲁ...ⲧⲉⲓ -->
<mark id="lb_n_91" xlink:href="#xpointer(id('tok_91')/range-to(id('tok_94')))"/><!-- ϩⲉ`...ⲛ -->
<mark id="lb_n_95" xlink:href="#xpointer(id('tok_95')/range-to(id('tok_99')))"/><!-- ⲉ...ⲣⲁ -->
<mark id="lb_n_100" xlink:href="#xpointer(id('tok_100')/range-to(id('tok_104')))"/><!-- ⲧ...ⲗⲁ -->
<mark id="lb_n_105" xlink:href="#xpointer(id('tok_105')/range-to(id('tok_108')))"/><!-- ⲁⲩ...ⲛ̄ -->
<mark id="lb_n_109" xlink:href="#xpointer(id('tok_109')/range-to(id('tok_111')))"/><!-- ⲧⲉⲓ̈...ⲉⲧⲃⲉ -->
<mark id="lb_n_112" xlink:href="#xpointer(id('tok_112')/range-to(id('tok_115')))"/><!-- ⲧ...ⲟⲩ -->
<mark id="lb_n_116" xlink:href="#xpointer(id('tok_116')/range-to(id('tok_119')))"/><!-- ⲡⲗⲏⲅⲏ...ⲟⲩ -->
<mark id="lb_n_120" xlink:href="#xpointer(id('tok_120')/range-to(id('tok_124')))"/><!-- ϫⲣⲟⲡ...ϣⲱ -->
<mark id="lb_n_125" xlink:href="#xpointer(id('tok_125')/range-to(id('tok_130')))"/><!-- ⲡⲉ...ⲏ -->
<mark id="lb_n_131" xlink:href="#xpointer(id('tok_131')/range-to(id('tok_135')))"/><!-- ⲧⲉ...ⲙ︤ⲛ︥ -->
<mark id="lb_n_136" xlink:href="#xpointer(id('tok_136')/range-to(id('tok_139')))"/><!-- ϭⲟⲙ...ⲉ -->
<mark id="lb_n_140" xlink:href="#xpointer(id('tok_140')/range-to(id('tok_142')))"/><!-- ⲙⲟⲟϣⲉ`...ⲉⲓ -->
<mark id="lb_n_143" xlink:href="#xpointer(id('tok_143')/range-to(id('tok_147')))"/><!-- ⲉⲃⲟⲗ`...ϫⲛⲉ -->
<mark id="lb_n_148" xlink:href="#xpointer(id('tok_148')/range-to(id('tok_150')))"/><!-- ⲡ...ⲁⲩⲱ -->
<mark id="lb_n_151" xlink:href="#xpointer(id('tok_151')/range-to(id('tok_153')))"/><!-- Ⲭⲱⲣⲓⲥ...ϩⲉⲛ -->
<mark id="lb_n_154" xlink:href="#xpointer(id('tok_154')/range-to(id('tok_155')))"/><!-- ϣⲏⲣⲉ...ϣⲏⲙ -->
<mark id="lb_n_156" xlink:href="#xpointer(id('tok_156')/range-to(id('tok_160')))"/><!-- ⲏ̂...ⲣ̣ⲱ -->
<mark id="lb_n_161" xlink:href="#xpointer(id('tok_161')/range-to(id('tok_165')))"/><!-- ⲙⲉ...ⲥ̣ⲣ̣ -->
<mark id="lb_n_166" xlink:href="#xpointer(id('tok_166')/range-to(id('tok_169')))"/><!-- ⲣⲁⲧ...ϩ︤ⲛ︥ -->
<mark id="lb_n_170" xlink:href="#xpointer(id('tok_170')/range-to(id('tok_172')))"/><!-- ⲗⲁⲁⲩ...ϩⲛⲁⲁⲩ -->
<mark id="lb_n_173" xlink:href="#xpointer(id('tok_173')/range-to(id('tok_176')))"/><!-- ⲛ̄...ⲉⲩ -->
<mark id="lb_n_177" xlink:href="#xpointer(id('tok_177')/range-to(id('tok_180')))"/><!-- ⲉ...ⲩ -->
<mark id="lb_n_181" xlink:href="#tok_181"/><!-- ⲥ︤ϩ︥ⲟⲩⲟⲣ︤ⲧ︥ -->
<mark id="lb_n_182" xlink:href="#xpointer(id('tok_182')/range-to(id('tok_184')))"/><!-- Ϥ...ⲛ̣̄[ϭⲓ] -->
<mark id="lb_n_185" xlink:href="#xpointer(id('tok_185')/range-to(id('tok_188')))"/><!-- ⲡ...ⲧⲱϣ -->
<mark id="lb_n_189" xlink:href="#xpointer(id('tok_189')/range-to(id('tok_194')))"/><!-- ⲛ̄...ⲛ̄] -->
<mark id="lb_n_195" xlink:href="#xpointer(id('tok_195')/range-to(id('tok_198')))"/><!-- ⲛⲟⲃⲉ...ⲉ[ⲧ] -->
<mark id="lb_n_199" xlink:href="#xpointer(id('tok_199')/range-to(id('tok_201')))"/><!-- ϩⲓⲧⲟⲩⲱ...[ϩⲛ] -->
<mark id="lb_n_202" xlink:href="#xpointer(id('tok_202')/range-to(id('tok_204')))"/><!-- ⲟⲩ...ⲣⲉϥ̣ -->
<mark id="lb_n_205" xlink:href="#xpointer(id('tok_205')/range-to(id('tok_209')))"/><!-- ϩⲓⲗⲁ...ⲉⲓ -->
<mark id="lb_n_210" xlink:href="#xpointer(id('tok_210')/range-to(id('tok_213')))"/><!-- ⲙⲉ`...· -->
<mark id="lb_n_214" xlink:href="#xpointer(id('tok_214')/range-to(id('tok_216')))"/><!-- ⲁⲗⲗⲁ...ⲟⲩ -->
<mark id="lb_n_217" xlink:href="#xpointer(id('tok_217')/range-to(id('tok_220')))"/><!-- ⲙⲟⲥⲧⲉ...ϫⲱ -->
<mark id="lb_n_221" xlink:href="#xpointer(id('tok_221')/range-to(id('tok_224')))"/><!-- ⲙ̄...ⲛ̄ -->
<mark id="lb_n_225" xlink:href="#xpointer(id('tok_225')/range-to(id('tok_227')))"/><!-- ϣⲟⲟⲡ...ⲉ -->
<mark id="lb_n_228" xlink:href="#xpointer(id('tok_228')/range-to(id('tok_232')))"/><!-- ϣⲱⲡⲉ...ϩⲟ -->
<mark id="lb_n_233" xlink:href="#xpointer(id('tok_233')/range-to(id('tok_236')))"/><!-- ⲟⲩⲧ...ϣⲱ -->
<mark id="lb_n_237" xlink:href="#xpointer(id('tok_237')/range-to(id('tok_240')))"/><!-- ⲡⲉ...ⲥϩⲓⲙⲉ -->
<mark id="lb_n_241" xlink:href="#xpointer(id('tok_241')/range-to(id('tok_244')))"/><!-- ⲧⲉ...ⲥϩⲟⲩⲟ -->
<mark id="lb_n_245" xlink:href="#xpointer(id('tok_245')/range-to(id('tok_250')))"/><!-- Ⲣ...ϫⲱ̂` -->
<mark id="lb_n_251" xlink:href="#xpointer(id('tok_251')/range-to(id('tok_254')))"/><!-- ⲙ̄ⲙⲟ...ⲟⲩ -->
<mark id="lb_n_255" xlink:href="#xpointer(id('tok_255')/range-to(id('tok_257')))"/><!-- ⲙ︤ⲛ︦ⲧ︥...ⲧⲱϩ` -->
<mark id="lb_n_258" xlink:href="#xpointer(id('tok_258')/range-to(id('tok_264')))"/><!-- ϫⲉ...ⲣⲁ -->
<mark id="lb_n_265" xlink:href="#xpointer(id('tok_265')/range-to(id('tok_267')))"/><!-- ⲥⲟⲩ`...ⲛⲓⲙ -->
<mark id="lb_n_268" xlink:href="#xpointer(id('tok_268')/range-to(id('tok_270')))"/><!-- ⲙ︤ⲛ︥...ϣⲱⲗ -->
<mark id="lb_n_271" xlink:href="#xpointer(id('tok_271')/range-to(id('tok_273')))"/><!-- ⲙ̄ⲙⲟ...ⲉⲃⲟⲗ -->
<mark id="lb_n_274" xlink:href="#xpointer(id('tok_274')/range-to(id('tok_277')))"/><!-- ϩⲣⲁⲓ̈...ⲛⲓⲙ -->
<mark id="lb_n_278" xlink:href="#xpointer(id('tok_278')/range-to(id('tok_280')))"/><!-- ⲙ̄...ⲉ -->
<mark id="lb_n_281" xlink:href="#xpointer(id('tok_281')/range-to(id('tok_284')))"/><!-- ϣⲱⲡⲉ`...ϩⲟ -->
<mark id="lb_n_285" xlink:href="#xpointer(id('tok_285')/range-to(id('tok_288')))"/><!-- ⲟⲩⲧ`...ϣⲱ -->
<mark id="lb_n_289" xlink:href="#xpointer(id('tok_289')/range-to(id('tok_295')))"/><!-- ⲡⲉ...· -->
<mark id="lb_n_296" xlink:href="#xpointer(id('tok_296')/range-to(id('tok_298')))"/><!-- Ⲥⲉ...ⲛ̄ -->
<mark id="lb_n_299" xlink:href="#xpointer(id('tok_299')/range-to(id('tok_301')))"/><!-- ϭⲓ...ⲛⲓⲙ -->
<mark id="lb_n_302" xlink:href="#xpointer(id('tok_302')/range-to(id('tok_305')))"/><!-- ⲉⲧ...ϩⲉ⳯ -->
<mark id="lb_n_306" xlink:href="#xpointer(id('tok_306')/range-to(id('tok_308')))"/><!-- ⲕⲣⲟϥ`...ϩ︤ⲛ︥ -->
<mark id="lb_n_309" xlink:href="#tok_309"/><!-- ⲥⲩⲛⲁⲅⲟⲅⲏ` -->
<mark id="lb_n_310" xlink:href="#xpointer(id('tok_310')/range-to(id('tok_314')))"/><!-- ⲧⲏⲣ...ϫⲟ -->
<mark id="lb_n_315" xlink:href="#xpointer(id('tok_315')/range-to(id('tok_322')))"/><!-- ⲉⲓⲥ...ⲩ -->
<mark id="lb_n_323" xlink:href="#xpointer(id('tok_323')/range-to(id('tok_326')))"/><!-- [ⲧⲉ]...ⲩ -->
<mark id="lb_n_327" xlink:href="#xpointer(id('tok_327')/range-to(id('tok_329')))"/><!-- [ⲛⲟ]ϭ...ⲙⲏⲏϣⲉ -->
<mark id="lb_n_330" xlink:href="#xpointer(id('tok_330')/range-to(id('tok_335')))"/><!-- ⲛ...ϥ -->
<mark id="lb_n_336" xlink:href="#xpointer(id('tok_336')/range-to(id('tok_338')))"/><!-- ϩⲟ...ⲙ̄ⲙⲟ -->
<mark id="lb_n_339" xlink:href="#xpointer(id('tok_339')/range-to(id('tok_342')))"/><!-- ⲟⲩ...ⲟⲣⲅⲏ̂` -->
<mark id="lb_n_343" xlink:href="#xpointer(id('tok_343')/range-to(id('tok_345')))"/><!-- ⲉⲧⲃⲉ...ⲙ︤ⲛ︦ⲧ︥ -->
<mark id="lb_n_346" xlink:href="#xpointer(id('tok_346')/range-to(id('tok_350')))"/><!-- ϣⲁϥⲧⲉ...ⲧ -->
<mark id="lb_n_351" xlink:href="#xpointer(id('tok_351')/range-to(id('tok_354')))"/><!-- ⲉⲓⲣⲉ...ⲁⲛⲟ -->
<mark id="lb_n_355" xlink:href="#xpointer(id('tok_355')/range-to(id('tok_358')))"/><!-- ⲙⲓⲁ`...ϩⲱⲡ -->
<mark id="lb_n_359" xlink:href="#xpointer(id('tok_359')/range-to(id('tok_362')))"/><!-- ⲏ̂...ⲱⲛ︤ϩ︥ -->
<mark id="lb_n_363" xlink:href="#xpointer(id('tok_363')/range-to(id('tok_365')))"/><!-- ⲉⲃⲟⲗ...ⲛ̄ -->
<mark id="lb_n_366" xlink:href="#xpointer(id('tok_366')/range-to(id('tok_369')))"/><!-- ϩⲏ...· -->
<mark id="lb_n_370" xlink:href="#xpointer(id('tok_370')/range-to(id('tok_374')))"/><!-- Ⲁⲩⲱ...ⲉ -->
<mark id="lb_n_375" xlink:href="#xpointer(id('tok_375')/range-to(id('tok_377')))"/><!-- ⲧⲉⲣⲉ...ⲛⲟⲩⲧⲉ -->
<mark id="lb_n_378" xlink:href="#xpointer(id('tok_378')/range-to(id('tok_380')))"/><!-- ⲛⲁ...ⲉⲃⲟⲗ -->
<mark id="lb_n_381" xlink:href="#xpointer(id('tok_381')/range-to(id('tok_383')))"/><!-- ϩⲓ...ⲟⲩ -->
<mark id="lb_n_384" xlink:href="#xpointer(id('tok_384')/range-to(id('tok_387')))"/><!-- ⲁⲩⲱ...ⲕⲱⲧⲉ -->
<mark id="lb_n_388" xlink:href="#xpointer(id('tok_388')/range-to(id('tok_393')))"/><!-- ⲛ̄ⲥⲁ...ⲉ -->
<mark id="lb_n_394" xlink:href="#xpointer(id('tok_394')/range-to(id('tok_396')))"/><!-- ⲉⲃⲟⲗ`...ⲧⲉⲩ -->
<mark id="lb_n_397" xlink:href="#xpointer(id('tok_397')/range-to(id('tok_401')))"/><!-- ⲙⲏⲧⲉ...ⲉ -->
<mark id="lb_n_402" xlink:href="#xpointer(id('tok_402')/range-to(id('tok_406')))"/><!-- Ⲛ̄...ⲇⲓ -->
<mark id="lb_n_407" xlink:href="#xpointer(id('tok_407')/range-to(id('tok_411')))"/><!-- ⲕⲁⲓⲟⲥ`...ⲕⲱ -->
<mark id="lb_n_412" xlink:href="#xpointer(id('tok_412')/range-to(id('tok_417')))"/><!-- ⲧⲉ`...ⲕⲱ -->
<mark id="lb_n_418" xlink:href="#xpointer(id('tok_418')/range-to(id('tok_422')))"/><!-- ⲛ̄ⲥⲱ...ⲗⲁ -->
<mark id="lb_n_423" xlink:href="#xpointer(id('tok_423')/range-to(id('tok_425')))"/><!-- ⲟⲥ`...ⲛⲉⲩ -->
<mark id="lb_n_426" xlink:href="#xpointer(id('tok_426')/range-to(id('tok_428')))"/><!-- ϩⲃⲏⲩⲉ...ⲑⲟⲟⲩ -->
<mark id="lb_n_429" xlink:href="#xpointer(id('tok_429')/range-to(id('tok_431')))"/><!-- ⲕⲁⲧⲁ...ϣⲁϫⲉ -->
<mark id="lb_n_432" xlink:href="#xpointer(id('tok_432')/range-to(id('tok_434')))"/><!-- ⲙ̄...ⲡⲣⲟⲫⲏ -->
<mark id="lb_n_435" xlink:href="#xpointer(id('tok_435')/range-to(id('tok_437')))"/><!-- ⲧⲏⲥ`...ⲛⲓⲙ -->
<mark id="lb_n_438" xlink:href="#xpointer(id('tok_438')/range-to(id('tok_442')))"/><!-- ⲡ...ⲛⲁⲓ̈ -->
<mark id="lb_n_443" xlink:href="#xpointer(id('tok_443')/range-to(id('tok_446')))"/><!-- ϩⲙ̄...ⲟⲩ -->
<mark id="lb_n_447" xlink:href="#xpointer(id('tok_447')/range-to(id('tok_449')))"/><!-- ⲙⲁ`...ϣⲱⲡⲉ` -->
<mark id="lb_n_450" xlink:href="#xpointer(id('tok_450')/range-to(id('tok_454')))"/><!-- ⲉ...ⲧⲁ -->
<mark id="lb_n_455" xlink:href="#xpointer(id('tok_455')/range-to(id('tok_458')))"/><!-- ⲕⲱ...ⲙ̄ -->
<mark id="lb_n_459" xlink:href="#xpointer(id('tok_459')/range-to(id('tok_462')))"/><!-- ⲡⲉⲓ...ⲧⲁ -->
<mark id="lb_n_463" xlink:href="#xpointer(id('tok_463')/range-to(id('tok_465')))"/><!-- ⲟⲩⲉ`...ⲙ̄ -->
<mark id="lb_n_466" xlink:href="#xpointer(id('tok_466')/range-to(id('tok_467')))"/><!-- ⲙⲟⲟⲩ...· -->
<mark id="lb_n_468" xlink:href="#xpointer(id('tok_468')/range-to(id('tok_471')))"/><!-- Ⲛⲁ...ⲇⲉ -->
<mark id="lb_n_472" xlink:href="#xpointer(id('tok_472')/range-to(id('tok_474')))"/><!-- ⲛ̄...ⲛⲓⲙ -->
<mark id="lb_n_475" xlink:href="#xpointer(id('tok_475')/range-to(id('tok_477')))"/><!-- ⲉⲧⲉⲣⲉ...ⲛⲟⲩ -->
<mark id="lb_n_478" xlink:href="#xpointer(id('tok_478')/range-to(id('tok_481')))"/><!-- ⲧⲉ...ⲛ̄ -->
<mark id="lb_n_482" xlink:href="#xpointer(id('tok_482')/range-to(id('tok_484')))"/><!-- ϩⲏⲧ`...ϩⲓ -->
<mark id="lb_n_485" xlink:href="#xpointer(id('tok_485')/range-to(id('tok_486')))"/><!-- ⲧⲟⲟⲧ...ⲟⲩ -->
<mark id="lb_n_487" xlink:href="#xpointer(id('tok_487')/range-to(id('tok_492')))"/><!-- ⲉ...ϥ -->
<mark id="lb_n_493" xlink:href="#xpointer(id('tok_493')/range-to(id('tok_497')))"/><!-- ⲉ...ⲙⲏ -->
<mark id="lb_n_498" xlink:href="#xpointer(id('tok_498')/range-to(id('tok_504')))"/><!-- ⲧⲉ...ⲟⲩ -->
<mark id="lb_n_505" xlink:href="#xpointer(id('tok_505')/range-to(id('tok_507')))"/><!-- Ⲣⲱⲙⲉ...ⲇⲓⲕⲁⲓⲟⲥ -->
<mark id="lb_n_508" xlink:href="#xpointer(id('tok_508')/range-to(id('tok_514')))"/><!-- ⲉ...ⲧ -->
<mark id="lb_n_515" xlink:href="#xpointer(id('tok_515')/range-to(id('tok_518')))"/><!-- ⲛ̣̄...ⲛ̄ -->
<mark id="lb_n_519" xlink:href="#xpointer(id('tok_519')/range-to(id('tok_521')))"/><!-- ϩⲉⲛ...ⲙ̄ -->
<mark id="lb_n_522" xlink:href="#xpointer(id('tok_522')/range-to(id('tok_523')))"/><!-- ⲡⲓⲥⲧⲟⲥ...ⲁⲩⲱ -->
<mark id="lb_n_524" xlink:href="#xpointer(id('tok_524')/range-to(id('tok_531')))"/><!-- ⲉ...ϭⲱ -->
<mark id="lb_n_532" xlink:href="#xpointer(id('tok_532')/range-to(id('tok_534')))"/><!-- ⲛ̄...ⲛⲓⲙ -->
<mark id="lb_n_535" xlink:href="#xpointer(id('tok_535')/range-to(id('tok_538')))"/><!-- ϩ︤ⲛ︥...· -->
<mark id="lb_n_539" xlink:href="#xpointer(id('tok_539')/range-to(id('tok_541')))"/><!-- ⲉⲧⲃⲉ...ⲛ̄ⲧⲟϥ -->
<mark id="lb_n_542" xlink:href="#xpointer(id('tok_542')/range-to(id('tok_545')))"/><!-- ϩⲱⲱ...ϫⲟⲓ̈ⲥ -->
<mark id="lb_n_546" xlink:href="#xpointer(id('tok_546')/range-to(id('tok_549')))"/><!-- ϥ...ⲧⲉⲩ -->
<mark id="lb_n_550" xlink:href="#xpointer(id('tok_550')/range-to(id('tok_552')))"/><!-- ⲙⲏⲧⲉ...ⲟⲩⲟⲓ̈ϣ -->
<mark id="lb_n_553" xlink:href="#xpointer(id('tok_553')/range-to(id('tok_555')))"/><!-- ⲛⲓⲙ...ⲛⲉⲩ -->
<mark id="lb_n_556" xlink:href="#xpointer(id('tok_556')/range-to(id('tok_558')))"/><!-- ϩⲃⲏⲩⲉ...ⲙⲉ -->
<mark id="lb_n_559" xlink:href="#xpointer(id('tok_559')/range-to(id('tok_562')))"/><!-- ⲁⲩⲱ...· -->
<mark id="lb_n_563" xlink:href="#xpointer(id('tok_563')/range-to(id('tok_566')))"/><!-- Ⲟⲩⲟⲛ...ϩⲣⲁⲓ̈ -->
<mark id="lb_n_567" xlink:href="#xpointer(id('tok_567')/range-to(id('tok_570')))"/><!-- ⲛ...ⲛⲁ -->
<mark id="lb_n_571" xlink:href="#xpointer(id('tok_571')/range-to(id('tok_575')))"/><!-- ⲛⲁⲩ`...ⲛ̄ -->
<mark id="lb_n_576" xlink:href="#xpointer(id('tok_576')/range-to(id('tok_579')))"/><!-- ⲕⲣⲟϥ`...ϫⲱ -->
<mark id="lb_n_580" xlink:href="#xpointer(id('tok_580')/range-to(id('tok_585')))"/><!-- ϩ︤ⲙ︥...ϫⲓ -->
<mark id="lb_n_586" xlink:href="#xpointer(id('tok_586')/range-to(id('tok_590')))"/><!-- ⲟⲩⲉ`...ⲗⲁ -->
<mark id="lb_n_591" xlink:href="#xpointer(id('tok_591')/range-to(id('tok_596')))"/><!-- ⲁⲩ...ϫⲓ -->
<mark id="lb_n_597" xlink:href="#xpointer(id('tok_597')/range-to(id('tok_600')))"/><!-- ⲉϩⲟⲩⲛ...ⲙⲟⲩ -->
<mark id="lb_n_601" xlink:href="#xpointer(id('tok_601')/range-to(id('tok_603')))"/><!-- Ⲁⲩⲱ...ⲛ̄ -->
<mark id="lb_n_604" xlink:href="#xpointer(id('tok_604')/range-to(id('tok_606')))"/><!-- ⲥⲉ...ⲧⲁⲙⲟⲓ̈ -->
<mark id="lb_n_607" xlink:href="#xpointer(id('tok_607')/range-to(id('tok_610')))"/><!-- ϫⲉ...ⲏ̂ -->
<mark id="lb_n_611" xlink:href="#xpointer(id('tok_611')/range-to(id('tok_614')))"/><!-- ϫⲉ...ⲛⲉ -->
<mark id="lb_n_615" xlink:href="#xpointer(id('tok_615')/range-to(id('tok_617')))"/><!-- ϩⲃⲏⲩⲉ...ⲡⲟ -->
<mark id="lb_n_618" xlink:href="#xpointer(id('tok_618')/range-to(id('tok_623')))"/><!-- ⲛⲏ...· -->
<mark id="lb_n_624" xlink:href="#xpointer(id('tok_624')/range-to(id('tok_630')))"/><!-- Ⲉ...ⲱ -->
<mark id="lb_n_631" xlink:href="#xpointer(id('tok_631')/range-to(id('tok_634')))"/><!-- ⲟⲩ...ⲥⲁ -->
<mark id="lb_n_635" xlink:href="#xpointer(id('tok_635')/range-to(id('tok_638')))"/><!-- ϩⲟⲩ...ⲉ -->
<mark id="lb_n_639" xlink:href="#xpointer(id('tok_639')/range-to(id('tok_642')))"/><!-- ⲃⲟⲗ...ⲛⲟⲩ -->
<mark id="lb_n_643" xlink:href="#xpointer(id('tok_643')/range-to(id('tok_647')))"/><!-- ⲧⲉ`...ⲩ -->
<mark id="lb_n_648" xlink:href="#xpointer(id('tok_648')/range-to(id('tok_650')))"/><!-- ϩⲟⲟⲩⲧ`...ⲉ -->
<mark id="lb_n_651" xlink:href="#xpointer(id('tok_651')/range-to(id('tok_654')))"/><!-- ϣⲱⲡⲉ...ⲥϩⲓ -->
<mark id="lb_n_655" xlink:href="#xpointer(id('tok_655')/range-to(id('tok_659')))"/><!-- ⲙⲉ...ⲕⲟ -->
<mark id="lb_n_660" xlink:href="#xpointer(id('tok_660')/range-to(id('tok_664')))"/><!-- Ⲟⲩⲉ`...ⲉ -->
<mark id="lb_n_665" xlink:href="#xpointer(id('tok_665')/range-to(id('tok_668')))"/><!-- ⲧ...ⲥⲁ -->
<mark id="lb_n_669" xlink:href="#xpointer(id('tok_669')/range-to(id('tok_672')))"/><!-- ϩⲟⲩ`...ⲧⲉⲓ̈ -->
<mark id="lb_n_673" xlink:href="#xpointer(id('tok_673')/range-to(id('tok_674')))"/><!-- ⲉⲡⲓⲥⲧⲟⲗⲏ...· -->
<mark id="lb_n_675" xlink:href="#xpointer(id('tok_675')/range-to(id('tok_678')))"/><!-- ⲁⲩⲱ...ⲥⲁ -->
<mark id="lb_n_679" xlink:href="#xpointer(id('tok_679')/range-to(id('tok_682')))"/><!-- ϩⲟⲩ...ϩⲏ -->
<mark id="lb_n_683" xlink:href="#xpointer(id('tok_683')/range-to(id('tok_687')))"/><!-- ⲏⲛⲉ`...ⲏ -->
<mark id="lb_n_688" xlink:href="#xpointer(id('tok_688')/range-to(id('tok_692')))"/><!-- ⲣ...ⲭⲁⲣ -->
<mark id="lb_n_693" xlink:href="#xpointer(id('tok_693')/range-to(id('tok_696')))"/><!-- ⲧⲏⲥ...ϫⲓⲛ -->
<mark id="lb_n_697" xlink:href="#xpointer(id('tok_697')/range-to(id('tok_699')))"/><!-- ⲛ̄...· -->
<mark id="lb_n_700" xlink:href="#xpointer(id('tok_700')/range-to(id('tok_704')))"/><!-- Ⲛ̄...ⲟⲩ -->
<mark id="lb_n_705" xlink:href="#xpointer(id('tok_705')/range-to(id('tok_707')))"/><!-- ⲁⲁⲃ`...ⲡⲉⲛ -->
<mark id="lb_n_708" xlink:href="#xpointer(id('tok_708')/range-to(id('tok_710')))"/><!-- ϫⲟⲉⲓⲥ...ⲉⲧ -->
<mark id="lb_n_711" xlink:href="#xpointer(id('tok_711')/range-to(id('tok_714')))"/><!-- ⲥⲏϩ...ⲅⲣⲁ -->
<mark id="lb_n_715" xlink:href="#xpointer(id('tok_715')/range-to(id('tok_719')))"/><!-- ⲫⲏ`...ⲧⲓ̈ -->
<mark id="lb_n_720" xlink:href="#tok_720"/><!-- ⲉⲡⲓⲥⲧⲟⲗⲏ -->
<mark id="lb_n_721" xlink:href="#xpointer(id('tok_721')/range-to(id('tok_724')))"/><!-- ϯ...ⲧ︤ⲛ︥ -->
<mark id="lb_n_725" xlink:href="#xpointer(id('tok_725')/range-to(id('tok_728')))"/><!-- ϫⲉ...ⲧ︤ⲛ︥ⲧⲱ⳯ -->
<mark id="lb_n_729" xlink:href="#xpointer(id('tok_729')/range-to(id('tok_734')))"/><!-- ⲉ...ⲧ︤ⲛ︥ -->
<mark id="lb_n_735" xlink:href="#xpointer(id('tok_735')/range-to(id('tok_738')))"/><!-- Ⲧⲱⲛ`...ϩⲏ -->
<mark id="lb_n_739" xlink:href="#xpointer(id('tok_739')/range-to(id('tok_743')))"/><!-- ⲃ︤ⲥ︥`...ϫⲉⲣⲱ -->
<mark id="lb_n_744" xlink:href="#xpointer(id('tok_744')/range-to(id('tok_749')))"/><!-- ⲟ...ⲙⲁ -->
<mark id="lb_n_750" xlink:href="#xpointer(id('tok_750')/range-to(id('tok_753')))"/><!-- ⲛ...ⲁⲩⲱ -->
<mark id="lb_n_754" xlink:href="#xpointer(id('tok_754')/range-to(id('tok_757')))"/><!-- ⲉ...ⲉ -->
<mark id="lb_n_758" xlink:href="#xpointer(id('tok_758')/range-to(id('tok_761')))"/><!-- ⲡ...ⲡⲉ -->
<mark id="lb_n_762" xlink:href="#xpointer(id('tok_762')/range-to(id('tok_765')))"/><!-- ϩⲟⲟⲩ...ⲛ̄ -->
<mark id="lb_n_766" xlink:href="#xpointer(id('tok_766')/range-to(id('tok_770')))"/><!-- Ⲁⲧ...ϩⲟⲩⲟ -->
<mark id="lb_n_771" xlink:href="#xpointer(id('tok_771')/range-to(id('tok_773')))"/><!-- ⲉⲙⲁⲧⲉ...ϩⲉⲛ -->
<mark id="lb_n_774" xlink:href="#xpointer(id('tok_774')/range-to(id('tok_778')))"/><!-- ⲙ︤ⲛ︦ⲧ︥...ⲩ -->
<mark id="lb_n_779" xlink:href="#xpointer(id('tok_779')/range-to(id('tok_781')))"/><!-- ⲧⲛⲧⲱⲛ`...ϩⲉⲛ -->
<mark id="lb_n_782" xlink:href="#xpointer(id('tok_782')/range-to(id('tok_783')))"/><!-- ⲛⲩⲕⲧⲉⲣⲓⲥ...· -->
<mark id="lb_n_784" xlink:href="#xpointer(id('tok_784')/range-to(id('tok_788')))"/><!-- ⲁⲩⲱ...ⲉⲧⲉ -->
<mark id="lb_n_789" xlink:href="#xpointer(id('tok_789')/range-to(id('tok_792')))"/><!-- ϣⲁ...ⲉ -->
<mark id="lb_n_793" xlink:href="#xpointer(id('tok_793')/range-to(id('tok_796')))"/><!-- ⲡ...ⲛ̄ -->
<mark id="lb_n_797" xlink:href="#xpointer(id('tok_797')/range-to(id('tok_799')))"/><!-- ⲥⲉ...ⲉϩⲟⲩ⳯ -->
<mark id="lb_n_800" xlink:href="#xpointer(id('tok_800')/range-to(id('tok_805')))"/><!-- ⲉ...ⲉ -->
<mark id="lb_n_806" xlink:href="#xpointer(id('tok_806')/range-to(id('tok_809')))"/><!-- ϩⲣⲁⲓ̈...ⲙⲁ` -->
<mark id="lb_n_810" xlink:href="#xpointer(id('tok_810')/range-to(id('tok_813')))"/><!-- ⲉ...ⲛ̄ϭⲓ -->
<mark id="lb_n_814" xlink:href="#xpointer(id('tok_814')/range-to(id('tok_815')))"/><!-- ϩⲉⲛ...ⲛⲩⲕⲧⲉ -->
<mark id="lb_n_816" xlink:href="#xpointer(id('tok_816')/range-to(id('tok_819')))"/><!-- ⲣⲓⲥ`...ϭⲗⲱ -->
<mark id="lb_n_820" xlink:href="#xpointer(id('tok_820')/range-to(id('tok_822')))"/><!-- ⲡⲉ...ϩⲟⲧⲁⲛ -->
<mark id="lb_n_823" xlink:href="#xpointer(id('tok_823')/range-to(id('tok_827')))"/><!-- ⲉ...ⲉ -->
<mark id="lb_n_828" xlink:href="#xpointer(id('tok_828')/range-to(id('tok_830')))"/><!-- ⲡ...ⲙ̄ -->
<mark id="lb_n_831" xlink:href="#xpointer(id('tok_831')/range-to(id('tok_834')))"/><!-- ⲡ...ϩⲉⲛ -->
<mark id="lb_n_835" xlink:href="#xpointer(id('tok_835')/range-to(id('tok_838')))"/><!-- ϩⲏⲃ︤ⲥ︥...ⲟⲩ -->
<mark id="lb_n_839" xlink:href="#xpointer(id('tok_839')/range-to(id('tok_842')))"/><!-- ⲟⲉⲓⲛ`...ϩⲟ -->
<mark id="lb_n_843" xlink:href="#xpointer(id('tok_843')/range-to(id('tok_846')))"/><!-- ⲟⲩ...ⲟⲛ -->
<mark id="lb_n_847" xlink:href="#xpointer(id('tok_847')/range-to(id('tok_850')))"/><!-- Ⲧⲉ...ⲉⲧⲉⲣⲉ -->
<mark id="lb_n_851" xlink:href="#xpointer(id('tok_851')/range-to(id('tok_853')))"/><!-- ⲛ̄...ⲙ︤ⲛ︥ -->
<mark id="lb_n_854" xlink:href="#xpointer(id('tok_854')/range-to(id('tok_858')))"/><!-- ⲛ...ⲉ -->
<mark id="lb_n_859" xlink:href="#xpointer(id('tok_859')/range-to(id('tok_861')))"/><!-- ⲙⲁⲧⲉ...ϩⲉⲛ -->
<mark id="lb_n_862" xlink:href="#xpointer(id('tok_862')/range-to(id('tok_864')))"/><!-- ⲙ︤ⲛ︦ⲧ︥...ⲛⲁ -->
<mark id="lb_n_865" xlink:href="#xpointer(id('tok_865')/range-to(id('tok_867')))"/><!-- ⲣⲱϩ︤ⲧ︥...ⲡ -->
<mark id="lb_n_868" xlink:href="#xpointer(id('tok_868')/range-to(id('tok_871')))"/><!-- ⲉⲥⲏⲧ`...ⲉ -->
<mark id="lb_n_872" xlink:href="#xpointer(id('tok_872')/range-to(id('tok_874')))"/><!-- ⲛⲉⲩ...ⲙ︤ⲛ︥ -->
<mark id="lb_n_875" xlink:href="#xpointer(id('tok_875')/range-to(id('tok_877')))"/><!-- ⲛⲉⲩ...· -->
<mark id="lb_n_878" xlink:href="#xpointer(id('tok_878')/range-to(id('tok_881')))"/><!-- ⲙ︤ⲛ︥...ⲙ -->
<mark id="lb_n_882" xlink:href="#xpointer(id('tok_882')/range-to(id('tok_885')))"/><!-- ⲡⲉ...ⲛ̄ -->
<mark id="lb_n_886" xlink:href="#xpointer(id('tok_886')/range-to(id('tok_888')))"/><!-- ⲛⲟⲩϫ...ⲛⲁϩⲣ︤ⲛ︥ -->
<mark id="lb_n_889" xlink:href="#xpointer(id('tok_889')/range-to(id('tok_892')))"/><!-- ⲛ̄...ⲟⲩ -->
<mark id="lb_n_893" xlink:href="#xpointer(id('tok_893')/range-to(id('tok_896')))"/><!-- ⲙ̄...· -->
<mark id="lb_n_897" xlink:href="#xpointer(id('tok_897')/range-to(id('tok_899')))"/><!-- Ⲉⲓⲧⲉ...ϩ︤ⲛ︥ -->
<mark id="lb_n_900" xlink:href="#xpointer(id('tok_900')/range-to(id('tok_902')))"/><!-- ⲛⲉ...· -->
<mark id="lb_n_903" xlink:href="#xpointer(id('tok_903')/range-to(id('tok_906')))"/><!-- Ⲉⲓⲧⲉ...ϩ︤ⲛ︥ -->
<mark id="lb_n_907" xlink:href="#xpointer(id('tok_907')/range-to(id('tok_908')))"/><!-- ⲧⲉⲓ̈...ⲉⲡⲓⲥⲧⲟⲗⲏ -->
<mark id="lb_n_909" xlink:href="#xpointer(id('tok_909')/range-to(id('tok_913')))"/><!-- ⲙ̄...ⲁⲗ -->
<mark id="lb_n_914" xlink:href="#xpointer(id('tok_914')/range-to(id('tok_918')))"/><!-- ⲗⲁ...ⲛ -->
<mark id="lb_n_919" xlink:href="#xpointer(id('tok_919')/range-to(id('tok_921')))"/><!-- ⲕⲟⲟⲩⲉ...ⲟⲩ -->
<mark id="lb_n_922" xlink:href="#xpointer(id('tok_922')/range-to(id('tok_925')))"/><!-- ⲉⲧ...ϩ︤ⲛ︥ -->
<mark id="lb_n_926" xlink:href="#xpointer(id('tok_926')/range-to(id('tok_928')))"/><!-- ⲛⲉⲓ̈...ⲉ̣ⲧ̣ -->
<mark id="lb_n_929" xlink:href="#xpointer(id('tok_929')/range-to(id('tok_932')))"/><!-- ⲥⲏϩ...ϣⲟⲣ︤ⲡ︥ -->
<mark id="lb_n_933" xlink:href="#xpointer(id('tok_933')/range-to(id('tok_937')))"/><!-- Ⲡⲁⲗⲓⲛ...ⲩ -->
<mark id="lb_n_938" xlink:href="#xpointer(id('tok_938')/range-to(id('tok_940')))"/><!-- ⲧ︤ⲛ︥ⲧⲱⲛ...ⲛ -->
<mark id="lb_n_941" xlink:href="#xpointer(id('tok_941')/range-to(id('tok_943')))"/><!-- ϣⲁϫⲉ...ⲟⲩ -->
<mark id="lb_n_944" xlink:href="#xpointer(id('tok_944')/range-to(id('tok_946')))"/><!-- ⲁⲁⲃ...ⲡⲉⲛ -->
<mark id="lb_n_947" xlink:href="#xpointer(id('tok_947')/range-to(id('tok_951')))"/><!-- ϫⲟⲉⲓⲥ...ⲟⲩ -->
<mark id="lb_n_952" xlink:href="#xpointer(id('tok_952')/range-to(id('tok_955')))"/><!-- ⲟⲉⲓⲛ...ϩⲏ -->
<mark id="lb_n_956" xlink:href="#xpointer(id('tok_956')/range-to(id('tok_961')))"/><!-- ⲃ︤ⲥ︥...ϭⲓϫ -->
<mark id="lb_n_962" xlink:href="#xpointer(id('tok_962')/range-to(id('tok_965')))"/><!-- ⲛ̄...ⲛ -->
<mark id="lb_n_966" xlink:href="#xpointer(id('tok_966')/range-to(id('tok_971')))"/><!-- ⲥⲁⲃⲉ...ⲟⲩ -->
<mark id="lb_n_972" xlink:href="#xpointer(id('tok_972')/range-to(id('tok_975')))"/><!-- ⲟⲉⲓⲛ...ϩ︤ⲛ︥ -->
<mark id="lb_n_976" xlink:href="#xpointer(id('tok_976')/range-to(id('tok_979')))"/><!-- ϩⲉⲛ...ⲕⲁⲕⲉ -->
<mark id="lb_n_980" xlink:href="#xpointer(id('tok_980')/range-to(id('tok_984')))"/><!-- ⲉ...ⲛⲉϥ -->
<mark id="lb_n_985" xlink:href="#xpointer(id('tok_985')/range-to(id('tok_987')))"/><!-- ϩⲃⲏⲩⲉ...ⲕⲁⲧⲁ -->
<mark id="lb_n_988" xlink:href="#xpointer(id('tok_988')/range-to(id('tok_992')))"/><!-- ⲑ...ϫⲉ -->
<mark id="lb_n_993" xlink:href="#xpointer(id('tok_993')/range-to(id('tok_997')))"/><!-- ⲡ...ⲟⲩ -->
<mark id="lb_n_998" xlink:href="#xpointer(id('tok_998')/range-to(id('tok_1001')))"/><!-- ⲉⲣⲏⲧⲉ...ⲡⲉⲕ -->
<mark id="lb_n_1002" xlink:href="#xpointer(id('tok_1002')/range-to(id('tok_1003')))"/><!-- ϣⲁϫⲉ...ⲁⲩⲱ -->
<mark id="lb_n_1004" xlink:href="#xpointer(id('tok_1004')/range-to(id('tok_1009')))"/><!-- Ⲉ...ⲟⲩ -->
<mark id="lb_n_1010" xlink:href="#xpointer(id('tok_1010')/range-to(id('tok_1013')))"/><!-- ⲟⲉⲓⲛ...ϩⲟ -->
<mark id="lb_n_1014" xlink:href="#xpointer(id('tok_1014')/range-to(id('tok_1018')))"/><!-- ⲟⲩ`...ⲉⲧ -->
<mark id="lb_n_1019" xlink:href="#xpointer(id('tok_1019')/range-to(id('tok_1023')))"/><!-- ϯ...ⲉⲣⲟ -->
<mark id="lb_n_1024" xlink:href="#xpointer(id('tok_1024')/range-to(id('tok_1028')))"/><!-- ⲟⲩ...ϫⲓ -->
<mark id="lb_n_1029" xlink:href="#xpointer(id('tok_1029')/range-to(id('tok_1031')))"/><!-- ϫⲣⲟⲡ...ⲕⲁⲧⲁ -->
<mark id="lb_n_1032" xlink:href="#xpointer(id('tok_1032')/range-to(id('tok_1034')))"/><!-- ⲛⲉ...ϫⲉ -->
<mark id="lb_n_1035" xlink:href="#xpointer(id('tok_1035')/range-to(id('tok_1037')))"/><!-- ⲡ...ⲙⲟⲟϣⲉ -->
<mark id="lb_n_1038" xlink:href="#xpointer(id('tok_1038')/range-to(id('tok_1041')))"/><!-- ϩ︤ⲛ︥...· -->
<mark id="lb_n_1042" xlink:href="#xpointer(id('tok_1042')/range-to(id('tok_1046')))"/><!-- ⲙⲉ...· -->
<mark id="lb_n_1047" xlink:href="#xpointer(id('tok_1047')/range-to(id('tok_1049')))"/><!-- Ⲉⲧⲃⲉ...ⲛⲁⲓ̈ⲁ -->
<mark id="lb_n_1050" xlink:href="#xpointer(id('tok_1050')/range-to(id('tok_1054')))"/><!-- ⲧ...ϣⲏⲣⲉ -->
<mark id="lb_n_1055" xlink:href="#xpointer(id('tok_1055')/range-to(id('tok_1058')))"/><!-- ⲙ̄...ⲉ -->
<mark id="lb_n_1059" xlink:href="#xpointer(id('tok_1059')/range-to(id('tok_1062')))"/><!-- ⲧⲉ...ⲙⲟⲟ -->
<mark id="lb_n_1063" xlink:href="#xpointer(id('tok_1063')/range-to(id('tok_1067')))"/><!-- ϣⲉ...ⲡⲁⲣ -->
<mark id="lb_n_1068" xlink:href="#xpointer(id('tok_1068')/range-to(id('tok_1070')))"/><!-- ⲣⲏ̣ⲥⲓⲁ`...ϩⲩⲡⲟ -->
<mark id="lb_n_1071" xlink:href="#xpointer(id('tok_1071')/range-to(id('tok_1073')))"/><!-- ⲧⲁⲅⲏ...ϩⲓ -->
<mark id="lb_n_1074" xlink:href="#xpointer(id('tok_1074')/range-to(id('tok_1075')))"/><!-- ⲙ︤ⲛ︦ⲧ︥...ⲥⲧⲙⲏⲧ -->
<mark id="lb_n_1076" xlink:href="#xpointer(id('tok_1076')/range-to(id('tok_1079')))"/><!-- ⲛⲓⲙ...ⲛⲓⲙ -->
<mark id="lb_n_1080" xlink:href="#xpointer(id('tok_1080')/range-to(id('tok_1081')))"/><!-- ⲛ̄...ⲁⲅⲁⲑⲟⲛ` -->
<mark id="lb_n_1082" xlink:href="#xpointer(id('tok_1082')/range-to(id('tok_1086')))"/><!-- Ⲟⲩⲟⲓ̈...ϣⲏ -->
<mark id="lb_n_1087" xlink:href="#xpointer(id('tok_1087')/range-to(id('tok_1090')))"/><!-- ⲣⲉ...ⲕⲁⲕⲉ -->
<mark id="lb_n_1091" xlink:href="#xpointer(id('tok_1091')/range-to(id('tok_1094')))"/><!-- ⲉⲧⲉ...ⲙⲟ -->
<mark id="lb_n_1095" xlink:href="#xpointer(id('tok_1095')/range-to(id('tok_1097')))"/><!-- ⲟϣⲉ...ϩ︤ⲛ︥ -->
<mark id="lb_n_1098" xlink:href="#xpointer(id('tok_1098')/range-to(id('tok_1100')))"/><!-- ⲙ︤ⲛ︦ⲧ︥...ⲥⲱⲧ︤ⲙ︥ -->
<mark id="lb_n_1101" xlink:href="#xpointer(id('tok_1101')/range-to(id('tok_1104')))"/><!-- ⲛⲓⲙ`...ⲁⲧ -->
<mark id="lb_n_1105" xlink:href="#xpointer(id('tok_1105')/range-to(id('tok_1109')))"/><!-- ⲥⲃⲱ...ⲩ -->
<mark id="lb_n_1110" xlink:href="#xpointer(id('tok_1110')/range-to(id('tok_1112')))"/><!-- ⲡⲏⲧ...ⲏ̂ -->
<mark id="lb_n_1113" xlink:href="#xpointer(id('tok_1113')/range-to(id('tok_1116')))"/><!-- ⲉϩⲣⲁⲓ̈...ⲕⲁⲕⲉ -->
<mark id="lb_n_1117" xlink:href="#xpointer(id('tok_1117')/range-to(id('tok_1121')))"/><!-- ⲛ̄...ϥ -->
<mark id="lb_n_1122" xlink:href="#xpointer(id('tok_1122')/range-to(id('tok_1127')))"/><!-- ϩⲟⲟⲩ...ⲛ̄ -->
<mark id="lb_n_1128" xlink:href="#xpointer(id('tok_1128')/range-to(id('tok_1129')))"/><!-- ⲛⲩⲕⲧⲉⲣⲓⲥ`...ⲉⲧ -->
<mark id="lb_n_1130" xlink:href="#xpointer(id('tok_1130')/range-to(id('tok_1132')))"/><!-- ⲡⲏⲧ...ⲏ̂ -->
<mark id="lb_n_1133" xlink:href="#xpointer(id('tok_1133')/range-to(id('tok_1136')))"/><!-- ⲉϩⲣⲁⲓ̈...ⲙⲁ -->
<mark id="lb_n_1137" xlink:href="#xpointer(id('tok_1137')/range-to(id('tok_1141')))"/><!-- ⲛ̄...ϣⲟ -->
<mark id="lb_n_1142" xlink:href="#xpointer(id('tok_1142')/range-to(id('tok_1144')))"/><!-- ⲕ︤ϩ︥...· -->
<mark id="lb_n_1145" xlink:href="#xpointer(id('tok_1145')/range-to(id('tok_1150')))"/><!-- Ⲁϩⲣⲟ...ⲥ -->
<mark id="lb_n_1151" xlink:href="#xpointer(id('tok_1151')/range-to(id('tok_1153')))"/><!-- ⲛ̄ϭⲓ...ϫⲟⲉⲓⲥ -->
<mark id="lb_n_1154" xlink:href="#xpointer(id('tok_1154')/range-to(id('tok_1158')))"/><!-- ⲡ...ⲗ -->
<mark id="lb_n_1159" xlink:href="#xpointer(id('tok_1159')/range-to(id('tok_1162')))"/><!-- ϩⲓ...ⲛ̄ -->
<mark id="lb_n_1163" xlink:href="#xpointer(id('tok_1163')/range-to(id('tok_1166')))"/><!-- ⲛⲉϥ...ⲟⲩⲁ -->
<mark id="lb_n_1167" xlink:href="#xpointer(id('tok_1167')/range-to(id('tok_1169')))"/><!-- ⲁⲃ`...ⲉⲣϣⲁⲛ -->
<mark id="lb_n_1170" xlink:href="#xpointer(id('tok_1170')/range-to(id('tok_1174')))"/><!-- ⲡⲉ...ⲟ -->
<mark id="lb_n_1175" xlink:href="#xpointer(id('tok_1175')/range-to(id('tok_1177')))"/><!-- ⲙⲁ...ϥ` -->
<mark id="lb_n_1178" xlink:href="#xpointer(id('tok_1178')/range-to(id('tok_1181')))"/><!-- ⲁⲩⲱ...ϣⲁⲛ -->
<mark id="lb_n_1182" xlink:href="#xpointer(id('tok_1182')/range-to(id('tok_1185')))"/><!-- ⲉⲓⲃⲉ...ϥ -->
<mark id="lb_n_1186" xlink:href="#xpointer(id('tok_1186')/range-to(id('tok_1189')))"/><!-- ⲉⲧⲃⲉ...ϥ -->
<mark id="lb_n_1190" xlink:href="#xpointer(id('tok_1190')/range-to(id('tok_1194')))"/><!-- ⲁ...ϫⲉ -->
<mark id="lb_n_1195" xlink:href="#xpointer(id('tok_1195')/range-to(id('tok_1197')))"/><!-- ⲉⲣϣⲁⲛ...ⲡⲉⲕ -->
<mark id="lb_n_1198" xlink:href="#xpointer(id('tok_1198')/range-to(id('tok_1200')))"/><!-- ⲥⲟⲛ`...ⲛ̄ -->
<mark id="lb_n_1201" xlink:href="#xpointer(id('tok_1201')/range-to(id('tok_1204')))"/><!-- ⲥⲱ...ϥ -->
<mark id="lb_n_1205" xlink:href="#xpointer(id('tok_1205')/range-to(id('tok_1208')))"/><!-- ϣⲱⲡⲉ...ⲛ̄ -->
<mark id="lb_n_1209" xlink:href="#xpointer(id('tok_1209')/range-to(id('tok_1213')))"/><!-- ⲑ...ϩⲉⲑⲛⲓ -->
<mark id="lb_n_1214" xlink:href="#xpointer(id('tok_1214')/range-to(id('tok_1216')))"/><!-- ⲕⲟⲥ...ⲟⲩ -->
<mark id="lb_n_1217" xlink:href="#xpointer(id('tok_1217')/range-to(id('tok_1218')))"/><!-- ⲧⲉⲗⲱⲛⲏⲥ...· -->
<mark id="lb_n_1219" xlink:href="#xpointer(id('tok_1219')/range-to(id('tok_1223')))"/><!-- Ϩⲙ...ϫⲟ -->
<mark id="lb_n_1224" xlink:href="#xpointer(id('tok_1224')/range-to(id('tok_1230')))"/><!-- ⲟ...ⲉ -->
<mark id="lb_n_1231" xlink:href="#xpointer(id('tok_1231')/range-to(id('tok_1234')))"/><!-- ⲧ...ⲛⲓⲙ -->
<mark id="lb_n_1235" xlink:href="#xpointer(id('tok_1235')/range-to(id('tok_1237')))"/><!-- ⲛ̄...ϫⲓϫⲉ -->
<mark id="lb_n_1238" xlink:href="#xpointer(id('tok_1238')/range-to(id('tok_1241')))"/><!-- ⲉⲩⲉ`...ⲉⲛ -->
<mark id="lb_n_1242" xlink:href="#xpointer(id('tok_1242')/range-to(id('tok_1246')))"/><!-- ⲧⲟⲗⲏ̂`...ⲟⲩ -->
<mark id="lb_n_1247" xlink:href="#xpointer(id('tok_1247')/range-to(id('tok_1251')))"/><!-- Ⲱϣ`...ⲁⲅⲁ -->
<mark id="lb_n_1252" xlink:href="#xpointer(id('tok_1252')/range-to(id('tok_1254')))"/><!-- ⲑⲟⲥ...ⲣⲱⲙⲉ -->
<mark id="lb_n_1255" xlink:href="#xpointer(id('tok_1255')/range-to(id('tok_1259')))"/><!-- ⲛ̄ⲧⲉ...ⲉ -->
<mark id="lb_n_1260" xlink:href="#xpointer(id('tok_1260')/range-to(id('tok_1262')))"/><!-- ϫⲱⲕ...ⲛ̄ -->
<mark id="lb_n_1263" xlink:href="#xpointer(id('tok_1263')/range-to(id('tok_1265')))"/><!-- ⲟⲩ...ⲁⲅⲁ -->
<mark id="lb_n_1266" xlink:href="#xpointer(id('tok_1266')/range-to(id('tok_1269')))"/><!-- ⲑⲟⲥ`...ⲡⲟ -->
<mark id="lb_n_1270" xlink:href="#xpointer(id('tok_1270')/range-to(id('tok_1273')))"/><!-- ⲛⲏⲣⲓⲁ`...ⲡⲟ -->
<mark id="lb_n_1274" xlink:href="#xpointer(id('tok_1274')/range-to(id('tok_1276')))"/><!-- ⲛⲏⲣⲟⲥ...ⲣⲱ -->
<mark id="lb_n_1277" xlink:href="#xpointer(id('tok_1277')/range-to(id('tok_1280')))"/><!-- ⲙⲉ`...ⲉ -->
<mark id="lb_n_1281" xlink:href="#xpointer(id('tok_1281')/range-to(id('tok_1284')))"/><!-- ⲡ...ⲛⲟⲃⲉ -->
<mark id="lb_n_1285" xlink:href="#xpointer(id('tok_1285')/range-to(id('tok_1286')))"/><!-- ⲡ...ⲥⲁⲧⲁⲛⲁⲥ -->
<mark id="lb_n_1287" xlink:href="#xpointer(id('tok_1287')/range-to(id('tok_1290')))"/><!-- Ⲉⲡⲉⲓⲇⲏ`...ⲙⲁ` -->
<mark id="lb_n_1291" xlink:href="#xpointer(id('tok_1291')/range-to(id('tok_1293')))"/><!-- ⲛ̄...ⲡⲟⲛⲏⲣⲓⲁ` -->
<mark id="lb_n_1294" xlink:href="#xpointer(id('tok_1294')/range-to(id('tok_1296')))"/><!-- ⲙ̄...ⲡⲟⲛⲏⲣⲟⲥ -->
<mark id="lb_n_1297" xlink:href="#xpointer(id('tok_1297')/range-to(id('tok_1299')))"/><!-- ⲛ̄...ϣⲁ -->
<mark id="lb_n_1300" xlink:href="#xpointer(id('tok_1300')/range-to(id('tok_1303')))"/><!-- ⲣⲉ...ⲁⲅⲁ -->
<mark id="lb_n_1304" xlink:href="#xpointer(id('tok_1304')/range-to(id('tok_1307')))"/><!-- ⲑⲟⲥ`...ⲁⲅⲁ -->
<mark id="lb_n_1308" xlink:href="#xpointer(id('tok_1308')/range-to(id('tok_1310')))"/><!-- ⲑⲟⲥ...ⲣⲱⲙⲉ -->
<mark id="lb_n_1311" xlink:href="#xpointer(id('tok_1311')/range-to(id('tok_1316')))"/><!-- ϥⲓ`...ⲟ -->
<mark id="lb_n_1317" xlink:href="#xpointer(id('tok_1317')/range-to(id('tok_1320')))"/><!-- ⲛⲏⲣⲓⲁ...ⲣⲱ -->
<mark id="lb_n_1321" xlink:href="#xpointer(id('tok_1321')/range-to(id('tok_1324')))"/><!-- ⲙⲉ...· -->
<mark id="lb_n_1325" xlink:href="#xpointer(id('tok_1325')/range-to(id('tok_1329')))"/><!-- Ϩ︤ⲙ︥...ⲣⲱ -->
<mark id="lb_n_1330" xlink:href="#xpointer(id('tok_1330')/range-to(id('tok_1331')))"/><!-- ⲙⲉ...ⲧⲱⲱⲃⲉ` -->
<mark id="lb_n_1332" xlink:href="#xpointer(id('tok_1332')/range-to(id('tok_1336')))"/><!-- ⲛ̄...ⲛⲁ -->
<mark id="lb_n_1337" xlink:href="#xpointer(id('tok_1337')/range-to(id('tok_1341')))"/><!-- ⲛⲟⲩ...ⲙⲁ -->
<mark id="lb_n_1342" xlink:href="#xpointer(id('tok_1342')/range-to(id('tok_1346')))"/><!-- ⲛ̄...ⲟⲟⲩ -->
<mark id="lb_n_1347" xlink:href="#xpointer(id('tok_1347')/range-to(id('tok_1351')))"/><!-- ⲉ...ⲉ -->
<mark id="lb_n_1352" xlink:href="#xpointer(id('tok_1352')/range-to(id('tok_1355')))"/><!-- ⲃⲟⲗ...ⲙ︤ⲛ︦ⲧ︥ -->
<mark id="lb_n_1356" xlink:href="#xpointer(id('tok_1356')/range-to(id('tok_1359')))"/><!-- ⲛⲟⲩⲧⲉ...ⲛⲟⲩ -->
<mark id="lb_n_1360" xlink:href="#xpointer(id('tok_1360')/range-to(id('tok_1364')))"/><!-- ⲧⲉ...ⲧⲣⲉ -->
<mark id="lb_n_1365" xlink:href="#xpointer(id('tok_1365')/range-to(id('tok_1368')))"/><!-- Ⲡ...ⲧⲱ -->
<mark id="lb_n_1369" xlink:href="#xpointer(id('tok_1369')/range-to(id('tok_1373')))"/><!-- ⲱⲃⲉ`...ⲉ -->
<mark id="lb_n_1374" xlink:href="#xpointer(id('tok_1374')/range-to(id('tok_1378')))"/><!-- ⲑⲟⲟⲩ`...ⲛ̄ -->
<mark id="lb_n_1379" xlink:href="#xpointer(id('tok_1379')/range-to(id('tok_1382')))"/><!-- ⲟⲩ...ⲛⲁ -->
<mark id="lb_n_1383" xlink:href="#xpointer(id('tok_1383')/range-to(id('tok_1387')))"/><!-- ⲛⲟⲩ...ϥ -->
<mark id="lb_n_1388" xlink:href="#xpointer(id('tok_1388')/range-to(id('tok_1390')))"/><!-- ϫⲱⲕ...ⲛ̄ -->
<mark id="lb_n_1391" xlink:href="#xpointer(id('tok_1391')/range-to(id('tok_1394')))"/><!-- ⲧ...ⲛⲟⲩ -->
<mark id="lb_n_1395" xlink:href="#xpointer(id('tok_1395')/range-to(id('tok_1399')))"/><!-- ⲧⲉ`...ⲛⲟⲩ -->
<mark id="lb_n_1400" xlink:href="#xpointer(id('tok_1400')/range-to(id('tok_1404')))"/><!-- ⲧⲉ`...· -->
<mark id="lb_n_1405" xlink:href="#xpointer(id('tok_1405')/range-to(id('tok_1409')))"/><!-- Ϩ︤ⲙ︥...ϫⲟⲟ -->
<mark id="lb_n_1410" xlink:href="#xpointer(id('tok_1410')/range-to(id('tok_1413')))"/><!-- ⲥ...ⲉⲣ -->
<mark id="lb_n_1414" xlink:href="#xpointer(id('tok_1414')/range-to(id('tok_1416')))"/><!-- ϣⲁⲛ...ⲡⲉⲕ -->
<mark id="lb_n_1417" xlink:href="#xpointer(id('tok_1417')/range-to(id('tok_1418')))"/><!-- ⲥⲟⲛ`...ⲥⲱⲧⲙ -->
<mark id="lb_n_1419" xlink:href="#xpointer(id('tok_1419')/range-to(id('tok_1422')))"/><!-- ⲛ̄ⲥⲱ...ϥ -->
<mark id="lb_n_1423" xlink:href="#xpointer(id('tok_1423')/range-to(id('tok_1425')))"/><!-- ϣⲱⲡⲉ`...ⲕ -->
<mark id="lb_n_1426" xlink:href="#xpointer(id('tok_1426')/range-to(id('tok_1431')))"/><!-- ⲉ...ⲉ -->
<mark id="lb_n_1432" xlink:href="#xpointer(id('tok_1432')/range-to(id('tok_1436')))"/><!-- ⲙ̄...ⲕ -->
<mark id="lb_n_1437" xlink:href="#xpointer(id('tok_1437')/range-to(id('tok_1440')))"/><!-- ⲛⲁⲩ...ⲉ -->
<mark id="lb_n_1441" xlink:href="#xpointer(id('tok_1441')/range-to(id('tok_1443')))"/><!-- ⲛⲉϩ`...ϣⲟⲣ︤ⲡ︥ -->
<mark id="lb_n_1444" xlink:href="#xpointer(id('tok_1444')/range-to(id('tok_1447')))"/><!-- Ⲙⲉⲛ`...ⲟⲩⲱϣ -->
<mark id="lb_n_1448" xlink:href="#xpointer(id('tok_1448')/range-to(id('tok_1450')))"/><!-- ⲛ̄ϭⲓ...ϫⲟⲉⲓⲥ -->
<mark id="lb_n_1451" xlink:href="#xpointer(id('tok_1451')/range-to(id('tok_1454')))"/><!-- ⲉ...ϣⲁⲁ -->
<mark id="lb_n_1455" xlink:href="#xpointer(id('tok_1455')/range-to(id('tok_1458')))"/><!-- ⲧ︤...ⲙ̄ -->
<mark id="lb_n_1459" xlink:href="#xpointer(id('tok_1459')/range-to(id('tok_1461')))"/><!-- ⲙⲟ...ⲙ︤ⲛ︥ⲛ̄ⲥⲁ -->
<mark id="lb_n_1462" xlink:href="#xpointer(id('tok_1462')/range-to(id('tok_1465')))"/><!-- ⲧⲣⲉ...ϥ` -->
<mark id="lb_n_1466" xlink:href="#xpointer(id('tok_1466')/range-to(id('tok_1468')))"/><!-- ϫⲉ...ⲣⲱ̂ -->
<mark id="lb_n_1469" xlink:href="#xpointer(id('tok_1469')/range-to(id('tok_1473')))"/><!-- ⲛ︤...ϥ` -->
<mark id="lb_n_1474" xlink:href="#xpointer(id('tok_1474')/range-to(id('tok_1476')))"/><!-- ⲙ︤ⲛ︥ⲛ̄ⲥⲁ...ϥ -->
<mark id="lb_n_1477" xlink:href="#xpointer(id('tok_1477')/range-to(id('tok_1480')))"/><!-- ϣⲱⲡⲉ...ⲉ -->
<mark id="lb_n_1481" xlink:href="#xpointer(id('tok_1481')/range-to(id('tok_1484')))"/><!-- ⲛ̄...ⲉ -->
<mark id="lb_n_1485" xlink:href="#xpointer(id('tok_1485')/range-to(id('tok_1487')))"/><!-- ⲧⲃⲉ...ⲛⲟⲩⲧⲉ` -->
<mark id="lb_n_1488" xlink:href="#xpointer(id('tok_1488')/range-to(id('tok_1491')))"/><!-- ⲉ...ⲡⲉ -->
<mark id="lb_n_1492" xlink:href="#xpointer(id('tok_1492')/range-to(id('tok_1496')))"/><!-- Ⲁⲩⲱ...ϥ -->
<mark id="lb_n_1497" xlink:href="#xpointer(id('tok_1497')/range-to(id('tok_1499')))"/><!-- ⲛ︤...ⲙⲉⲧⲁⲛⲟⲓ̈ -->
<mark id="lb_n_1500" xlink:href="#xpointer(id('tok_1500')/range-to(id('tok_1504')))"/><!-- ⲛ̄...ϥ -->
<mark id="lb_n_1505" xlink:href="#xpointer(id('tok_1505')/range-to(id('tok_1508')))"/><!-- ⲉⲃⲟⲗ...ϥ︥ -->
<mark id="lb_n_1509" xlink:href="#xpointer(id('tok_1509')/range-to(id('tok_1512')))"/><!-- ⲛ̄...ⲥⲟⲡ -->
<mark id="lb_n_1513" xlink:href="#xpointer(id('tok_1513')/range-to(id('tok_1516')))"/><!-- ϩⲟⲧⲁⲛ...ϣⲁ⳯ -->
<mark id="lb_n_1517" xlink:href="#xpointer(id('tok_1517')/range-to(id('tok_1520')))"/><!-- ⲧ︤ⲙ︥...ϥ -->
<mark id="lb_n_1521" xlink:href="#xpointer(id('tok_1521')/range-to(id('tok_1524')))"/><!-- ⲉϩⲣⲁⲓ̈...ⲛⲟⲃⲉ -->
<mark id="lb_n_1525" xlink:href="#xpointer(id('tok_1525')/range-to(id('tok_1530')))"/><!-- ⲉⲛⲧ...ⲉ -->
<mark id="lb_n_1531" xlink:href="#xpointer(id('tok_1531')/range-to(id('tok_1534')))"/><!-- ⲉ...ⲉⲃⲟⲗ -->
<mark id="lb_n_1535" xlink:href="#xpointer(id('tok_1535')/range-to(id('tok_1537')))"/><!-- ⲙ̄ⲙⲟ...ⲉⲧⲃⲏ -->
<mark id="lb_n_1538" xlink:href="#xpointer(id('tok_1538')/range-to(id('tok_1541')))"/><!-- ⲏⲧ...ⲁⲗⲗⲁ -->
<mark id="lb_n_1542" xlink:href="#xpointer(id('tok_1542')/range-to(id('tok_1546')))"/><!-- Ⲉ...ϣⲁ⳯ -->
<mark id="lb_n_1547" xlink:href="#xpointer(id('tok_1547')/range-to(id('tok_1554')))"/><!-- ⲧ︤ⲙ︥...ϥ` -->
<mark id="lb_n_1555" xlink:href="#xpointer(id('tok_1555')/range-to(id('tok_1558')))"/><!-- ⲉⲃⲟⲗ...ⲛⲟ -->
<mark id="lb_n_1559" xlink:href="#xpointer(id('tok_1559')/range-to(id('tok_1563')))"/><!-- ⲃⲉ`...ⲙⲉ -->
<mark id="lb_n_1564" xlink:href="#xpointer(id('tok_1564')/range-to(id('tok_1567')))"/><!-- ⲉⲩⲉ`...ϥ̄ -->
<mark id="lb_n_1568" xlink:href="#xpointer(id('tok_1568')/range-to(id('tok_1570')))"/><!-- ⲉⲃⲟⲗ...ⲛ -->
<mark id="lb_n_1571" xlink:href="#xpointer(id('tok_1571')/range-to(id('tok_1572')))"/><!-- ⲉⲧⲃⲏⲏⲧ︤...ϥ︥ -->
<mark id="lb_n_1573" xlink:href="#xpointer(id('tok_1573')/range-to(id('tok_1577')))"/><!-- ⲉ...ϥ︥ -->
<mark id="lb_n_1578" xlink:href="#xpointer(id('tok_1578')/range-to(id('tok_1580')))"/><!-- ⲉⲃⲟⲗ...ⲛ` -->
<mark id="lb_n_1581" xlink:href="#xpointer(id('tok_1581')/range-to(id('tok_1583')))"/><!-- ⲁⲩⲱ...ϥ -->
<mark id="lb_n_1584" xlink:href="#xpointer(id('tok_1584')/range-to(id('tok_1587')))"/><!-- ⲕⲧⲟ...ⲛ` -->
<mark id="lb_n_1588" xlink:href="#xpointer(id('tok_1588')/range-to(id('tok_1591')))"/><!-- ⲁⲩⲱ...ⲙⲉ -->
<mark id="lb_n_1592" xlink:href="#xpointer(id('tok_1592')/range-to(id('tok_1596')))"/><!-- ⲣⲓⲧ︤...ϥ -->
<mark id="lb_n_1597" xlink:href="#xpointer(id('tok_1597')/range-to(id('tok_1600')))"/><!-- ⲉ...ⲛ -->
<mark id="lb_n_1601" xlink:href="#xpointer(id('tok_1601')/range-to(id('tok_1604')))"/><!-- ⲛ̄...ⲉ -->
<mark id="lb_n_1605" xlink:href="#xpointer(id('tok_1605')/range-to(id('tok_1608')))"/><!-- ⲧ...ⲛⲟⲩⲧⲉ -->
<mark id="lb_n_1609" xlink:href="#xpointer(id('tok_1609')/range-to(id('tok_1612')))"/><!-- ⲉ...ⲡⲉ -->
<mark id="lb_n_1613" xlink:href="#xpointer(id('tok_1613')/range-to(id('tok_1617')))"/><!-- Ⲁⲩⲱ...ϣⲁ -->
<mark id="lb_n_1618" xlink:href="#xpointer(id('tok_1618')/range-to(id('tok_1621')))"/><!-- ⲣⲉ...ⲛⲟⲩ -->
<mark id="lb_n_1622" xlink:href="#xpointer(id('tok_1622')/range-to(id('tok_1624')))"/><!-- ⲧⲉ`...ⲉ -->
<mark id="lb_n_1625" xlink:href="#xpointer(id('tok_1625')/range-to(id('tok_1628')))"/><!-- ⲃⲟⲗ`...ⲟⲩ -->
<mark id="lb_n_1629" xlink:href="#xpointer(id('tok_1629')/range-to(id('tok_1632')))"/><!-- ⲱϣ`...ⲉ -->
<mark id="lb_n_1633" xlink:href="#xpointer(id('tok_1633')/range-to(id('tok_1636')))"/><!-- ϩⲟⲩⲛ...ϫⲟⲓ̈ⲥ -->
<mark id="lb_n_1637" xlink:href="#xpointer(id('tok_1637')/range-to(id('tok_1641')))"/><!-- ϫⲉ...ϥ︥ -->
<mark id="lb_n_1642" xlink:href="#xpointer(id('tok_1642')/range-to(id('tok_1645')))"/><!-- ⲉ...ⲡⲉϥ -->
<mark id="lb_n_1646" xlink:href="#xpointer(id('tok_1646')/range-to(id('tok_1649')))"/><!-- ⲥⲟⲛ`...ⲛ̄ -->
<mark id="lb_n_1650" xlink:href="#xpointer(id('tok_1650')/range-to(id('tok_1653')))"/><!-- ϩⲟⲩⲟ`...ⲉⲓ -->
<mark id="lb_n_1654" xlink:href="#xpointer(id('tok_1654')/range-to(id('tok_1656')))"/><!-- ⲱⲧ`...ⲧⲉϥ -->
<mark id="lb_n_1657" xlink:href="#xpointer(id('tok_1657')/range-to(id('tok_1661')))"/><!-- ⲙⲁⲁⲩ...ϭ -->
<mark id="lb_n_1662" xlink:href="#xpointer(id('tok_1662')/range-to(id('tok_1666')))"/><!-- Ⲅⲁⲣ...· -->
<mark id="lb_n_1667" xlink:href="#xpointer(id('tok_1667')/range-to(id('tok_1670')))"/><!-- ⲗⲓⲟⲥ...ⲧⲣⲉ -->
<mark id="lb_n_1671" xlink:href="#xpointer(id('tok_1671')/range-to(id('tok_1673')))"/><!-- ⲡ...ϣⲱ -->
<mark id="lb_n_1674" xlink:href="#xpointer(id('tok_1674')/range-to(id('tok_1676')))"/><!-- ⲱⲧ`...ⲙ̄ -->
<mark id="lb_n_1677" xlink:href="#xpointer(id('tok_1677')/range-to(id('tok_1680')))"/><!-- ⲙⲟ...ⲡⲉϥ -->
<mark id="lb_n_1681" xlink:href="#xpointer(id('tok_1681')/range-to(id('tok_1683')))"/><!-- ⲥⲟⲛ`...ⲡⲉϥ -->
<mark id="lb_n_1684" xlink:href="#xpointer(id('tok_1684')/range-to(id('tok_1686')))"/><!-- ϣⲏⲣⲉ`...ⲧⲉϥ -->
<mark id="lb_n_1687" xlink:href="#xpointer(id('tok_1687')/range-to(id('tok_1690')))"/><!-- ϣⲉⲉⲣⲉ`...ϥ -->
<mark id="lb_n_1691" xlink:href="#xpointer(id('tok_1691')/range-to(id('tok_1693')))"/><!-- ⲉⲓⲱⲧ...ⲧⲉϥ -->
<mark id="lb_n_1694" xlink:href="#xpointer(id('tok_1694')/range-to(id('tok_1697')))"/><!-- ⲙⲁⲁⲩ`...ⲗⲁ -->
<mark id="lb_n_1698" xlink:href="#xpointer(id('tok_1698')/range-to(id('tok_1701')))"/><!-- ⲁⲩ`...ⲛ̄ -->
<mark id="lb_n_1702" xlink:href="#xpointer(id('tok_1702')/range-to(id('tok_1708')))"/><!-- ⲧⲁ...ⲩ -->
<mark id="lb_n_1709" xlink:href="#xpointer(id('tok_1709')/range-to(id('tok_1713')))"/><!-- ⲧⲉ...ⲩ -->
<mark id="lb_n_1714" xlink:href="#xpointer(id('tok_1714')/range-to(id('tok_1716')))"/><!-- ϣⲁⲛ...ⲛⲟⲃⲉ` -->
<mark id="lb_n_1717" xlink:href="#xpointer(id('tok_1717')/range-to(id('tok_1722')))"/><!-- ⲉ...ⲧⲁ -->
<mark id="lb_n_1723" xlink:href="#xpointer(id('tok_1723')/range-to(id('tok_1725')))"/><!-- ⲙⲓⲟ...ⲉⲧⲉ -->
<mark id="lb_n_1726" xlink:href="#xpointer(id('tok_1726')/range-to(id('tok_1729')))"/><!-- ⲡ...· -->
<mark id="lb_n_1730" xlink:href="#xpointer(id('tok_1730')/range-to(id('tok_1733')))"/><!-- Ⲁⲩⲱ...ⲙ̄ -->
<mark id="lb_n_1734" xlink:href="#xpointer(id('tok_1734')/range-to(id('tok_1737')))"/><!-- ⲙ︤ⲛ︦ⲧ︥...ⲉ -->
<mark id="lb_n_1738" xlink:href="#xpointer(id('tok_1738')/range-to(id('tok_1742')))"/><!-- ⲧⲉ...ⲣⲱ -->
<mark id="lb_n_1743" xlink:href="#xpointer(id('tok_1743')/range-to(id('tok_1745')))"/><!-- ⲙⲉ...ⲛⲉϥ -->
<mark id="lb_n_1746" xlink:href="#xpointer(id('tok_1746')/range-to(id('tok_1747')))"/><!-- ϫⲓϫⲉⲉⲩ`...ⲉⲧⲃⲉ -->
<mark id="lb_n_1748" xlink:href="#xpointer(id('tok_1748')/range-to(id('tok_1749')))"/><!-- ⲡ...ⲛⲟⲩⲧⲉ -->
<mark id="lb_n_1750" xlink:href="#xpointer(id('tok_1750')/range-to(id('tok_1753')))"/><!-- Ⲁⲩⲱ...ϣⲗⲏⲗ -->
<mark id="lb_n_1754" xlink:href="#xpointer(id('tok_1754')/range-to(id('tok_1757')))"/><!-- ⲉϫ︤ⲛ︥...ⲡⲏⲧ -->
<mark id="lb_n_1758" xlink:href="#xpointer(id('tok_1758')/range-to(id('tok_1761')))"/><!-- ⲛ̄ⲥⲱ...ⲣ̄ -->
<mark id="lb_n_1762" xlink:href="#xpointer(id('tok_1762')/range-to(id('tok_1766')))"/><!-- ⲡ...ϥ -->
<mark id="lb_n_1767" xlink:href="#xpointer(id('tok_1767')/range-to(id('tok_1772')))"/><!-- ⲁⲩⲱ...ⲩ -->
<mark id="lb_n_1773" xlink:href="#xpointer(id('tok_1773')/range-to(id('tok_1777')))"/><!-- ⲧⲉ...ⲉ -->
<mark id="lb_n_1778" xlink:href="#xpointer(id('tok_1778')/range-to(id('tok_1781')))"/><!-- ⲛ...ⲙ̄ -->
<mark id="lb_n_1782" xlink:href="#xpointer(id('tok_1782')/range-to(id('tok_1786')))"/><!-- ⲙⲟ...ⲛⲟ -->
<mark id="lb_n_1787" xlink:href="#xpointer(id('tok_1787')/range-to(id('tok_1790')))"/><!-- ⲃⲉ...· -->
<mark id="lb_n_1791" xlink:href="#xpointer(id('tok_1791')/range-to(id('tok_1795')))"/><!-- Ⲁⲩⲱ...ⲉ -->
<mark id="lb_n_1796" xlink:href="#xpointer(id('tok_1796')/range-to(id('tok_1802')))"/><!-- ⲛ̄ⲧ...ⲉ -->
<mark id="lb_n_1803" xlink:href="#xpointer(id('tok_1803')/range-to(id('tok_1805')))"/><!-- ⲙⲁⲣⲉ...ⲥⲟⲛ` -->
<mark id="lb_n_1806" xlink:href="#xpointer(id('tok_1806')/range-to(id('tok_1808')))"/><!-- ϣⲱⲡⲉ...ⲕ` -->
<mark id="lb_n_1809" xlink:href="#xpointer(id('tok_1809')/range-to(id('tok_1811')))"/><!-- ⲛ̄...ϩⲉⲑⲛⲓ -->
<mark id="lb_n_1812" xlink:href="#xpointer(id('tok_1812')/range-to(id('tok_1814')))"/><!-- ⲕⲟⲥ`...ⲟⲩ -->
<mark id="lb_n_1815" xlink:href="#xpointer(id('tok_1815')/range-to(id('tok_1816')))"/><!-- ⲧⲉⲗⲱⲛⲏⲥ`...ⲉ -->
<mark id="lb_n_1817" xlink:href="#xpointer(id('tok_1817')/range-to(id('tok_1821')))"/><!-- ⲧⲃⲉ...ⲉ -->
<mark id="lb_n_1822" xlink:href="#xpointer(id('tok_1822')/range-to(id('tok_1825')))"/><!-- ϩⲟⲧⲁⲛ...ϣⲁⲛ -->
<mark id="lb_n_1826" xlink:href="#xpointer(id('tok_1826')/range-to(id('tok_1830')))"/><!-- ⲣ̄...ⲙ -->
<mark id="lb_n_1831" xlink:href="#xpointer(id('tok_1831')/range-to(id('tok_1836')))"/><!-- ⲧⲟ`...ⲟ -->
<mark id="lb_n_1837" xlink:href="#xpointer(id('tok_1837')/range-to(id('tok_1840')))"/><!-- ⲉⲓⲥ...ϫⲁ -->
<mark id="lb_n_1841" xlink:href="#xpointer(id('tok_1841')/range-to(id('tok_1844')))"/><!-- ϫⲉ...ϥ -->
<mark id="lb_n_1845" xlink:href="#xpointer(id('tok_1845')/range-to(id('tok_1848')))"/><!-- ⲉⲧ...ⲉ -->
<mark id="lb_n_1849" xlink:href="#xpointer(id('tok_1849')/range-to(id('tok_1853')))"/><!-- ⲣⲟ...ⲙⲉⲣⲓ -->
<mark id="lb_n_1854" xlink:href="#xpointer(id('tok_1854')/range-to(id('tok_1861')))"/><!-- ⲧ︤...ⲩ -->
<mark id="lb_n_1862" xlink:href="#xpointer(id('tok_1862')/range-to(id('tok_1866')))"/><!-- ⲉ...ⲉⲧⲃⲉ -->
<mark id="lb_n_1867" xlink:href="#xpointer(id('tok_1867')/range-to(id('tok_1869')))"/><!-- ⲡ...· -->
<mark id="lb_n_1870" xlink:href="#xpointer(id('tok_1870')/range-to(id('tok_1872')))"/><!-- Ⲁⲛⲟⲛ...ϩⲱⲱ -->
<mark id="lb_n_1873" xlink:href="#xpointer(id('tok_1873')/range-to(id('tok_1877')))"/><!-- ⲛ...ⲛ -->
<mark id="lb_n_1878" xlink:href="#xpointer(id('tok_1878')/range-to(id('tok_1882')))"/><!-- ϩⲟⲥⲟⲛ`...ⲛ̄ -->
<mark id="lb_n_1883" xlink:href="#tok_1883"/><!-- ⲕⲟⲓⲛⲱⲛⲟⲥ -->
<mark id="lb_n_1884" xlink:href="#xpointer(id('tok_1884')/range-to(id('tok_1886')))"/><!-- ⲙ︤ⲛ︥...ⲉⲣⲏⲩ -->
<mark id="lb_n_1887" xlink:href="#xpointer(id('tok_1887')/range-to(id('tok_1889')))"/><!-- ⲁⲛⲟⲛ`...ϣⲏⲣⲉ -->
<mark id="lb_n_1890" xlink:href="#xpointer(id('tok_1890')/range-to(id('tok_1892')))"/><!-- ⲛ̄...ⲣⲱⲙⲉ -->
<mark id="lb_n_1893" xlink:href="#xpointer(id('tok_1893')/range-to(id('tok_1895')))"/><!-- ⲛ̄...ⲉⲧⲉ -->
<mark id="lb_n_1896" xlink:href="#xpointer(id('tok_1896')/range-to(id('tok_1899')))"/><!-- ⲡ...· -->
<mark id="lb_n_1900" xlink:href="#xpointer(id('tok_1900')/range-to(id('tok_1902')))"/><!-- Ⲁⲩⲱ...ⲛ̄ -->
<mark id="lb_n_1903" xlink:href="#xpointer(id('tok_1903')/range-to(id('tok_1906')))"/><!-- ϣⲏⲣⲉ...ⲙⲁ -->
<mark id="lb_n_1907" xlink:href="#xpointer(id('tok_1907')/range-to(id('tok_1910')))"/><!-- ⲁⲩ...ⲉ -->
<mark id="lb_n_1911" xlink:href="#xpointer(id('tok_1911')/range-to(id('tok_1914')))"/><!-- ⲧⲉ...ⲛ̄ -->
<mark id="lb_n_1915" xlink:href="#xpointer(id('tok_1915')/range-to(id('tok_1918')))"/><!-- ⲧ...ⲕⲁⲧⲁ -->
<mark id="lb_n_1919" xlink:href="#xpointer(id('tok_1919')/range-to(id('tok_1921')))"/><!-- ⲛⲉ...· -->
<mark id="lb_n_1922" xlink:href="#xpointer(id('tok_1922')/range-to(id('tok_1927')))"/><!-- Ⲙⲏ...ⲥⲟ -->
<mark id="lb_n_1928" xlink:href="#xpointer(id('tok_1928')/range-to(id('tok_1931')))"/><!-- ⲧ︤ⲡ︥...ⲉⲓ -->
<mark id="lb_n_1932" xlink:href="#xpointer(id('tok_1932')/range-to(id('tok_1934')))"/><!-- ⲱⲧ...ⲧⲉⲛ -->
<mark id="lb_n_1935" xlink:href="#xpointer(id('tok_1935')/range-to(id('tok_1938')))"/><!-- ⲙⲁⲁⲩ...ⲩ -->
<mark id="lb_n_1939" xlink:href="#xpointer(id('tok_1939')/range-to(id('tok_1941')))"/><!-- ϫⲡⲟ...ⲁⲩⲱ -->
<mark id="lb_n_1942" xlink:href="#xpointer(id('tok_1942')/range-to(id('tok_1946')))"/><!-- ⲉ...⳯ -->
<mark id="lb_n_1947" xlink:href="#xpointer(id('tok_1947')/range-to(id('tok_1949')))"/><!-- ⲕⲁⲧⲁ...ⲛ -->
<mark id="lb_n_1950" xlink:href="#xpointer(id('tok_1950')/range-to(id('tok_1952')))"/><!-- ϩⲟⲩⲟ`...ⲡⲉⲛ -->
<mark id="lb_n_1953" xlink:href="#xpointer(id('tok_1953')/range-to(id('tok_1955')))"/><!-- ϫⲟⲉⲓⲥ...ⲡⲉⲛ -->
<mark id="lb_n_1956" xlink:href="#xpointer(id('tok_1956')/range-to(id('tok_1957')))"/><!-- ⲉⲓⲱⲧ`...ⲁⲩⲱ -->
<mark id="lb_n_1958" xlink:href="#xpointer(id('tok_1958')/range-to(id('tok_1960')))"/><!-- ⲧⲉⲛ...ⲛⲁ -->
<mark id="lb_n_1961" xlink:href="#xpointer(id('tok_1961')/range-to(id('tok_1965')))"/><!-- ⲙⲉ...ⲛ -->
<mark id="lb_n_1966" xlink:href="#xpointer(id('tok_1966')/range-to(id('tok_1971')))"/><!-- Ⲧ...ϩⲣⲁⲓ̈ -->
<mark id="lb_n_1972" xlink:href="#xpointer(id('tok_1972')/range-to(id('tok_1974')))"/><!-- ϩ︤ⲙ︥...ⲥⲛⲟϥ -->
<mark id="lb_n_1975" xlink:href="#xpointer(id('tok_1975')/range-to(id('tok_1976')))"/><!-- ⲉⲧ...ⲟⲩⲁⲁⲃ -->
</markList>
</paula>
