<?xml version="1.0" encoding="UTF-8" standalone="no"?>

<!DOCTYPE paula SYSTEM "paula_feat.dtd">
<paula version="1.0">

<header paula_id="a22.YA421-428_lb_n"/>

<featList xmlns:xlink="http://www.w3.org/1999/xlink" type="lb_n" xml:base="a22.YA421-428.lb_nSeg.xml">
<feat xlink:href="#lb_n_1" value="1"/><!-- ⲟⲩ -->
<feat xlink:href="#lb_n_9" value="2"/><!-- ⲃⲁⲩⲕⲁⲗⲓⲟⲛ` -->
<feat xlink:href="#lb_n_10" value="3"/><!-- ⲏ̂ -->
<feat xlink:href="#lb_n_15" value="4"/><!-- ϣ -->
<feat xlink:href="#lb_n_18" value="5"/><!-- ⲉ -->
<feat xlink:href="#lb_n_23" value="6"/><!-- ⲁⲩ` -->
<feat xlink:href="#lb_n_27" value="7"/><!-- ⲉ -->
<feat xlink:href="#lb_n_32" value="8"/><!-- ⲟⲩⲉϩ -->
<feat xlink:href="#lb_n_34" value="9"/><!-- ⲛⲁ -->
<feat xlink:href="#lb_n_39" value="10"/><!-- ⲗⲱ -->
<feat xlink:href="#lb_n_41" value="11"/><!-- ⲡ -->
<feat xlink:href="#lb_n_46" value="12"/><!-- ⲉⲧ -->
<feat xlink:href="#lb_n_49" value="13"/><!-- ⲙⲁⲧⲉ -->
<feat xlink:href="#lb_n_53" value="14"/><!-- ⲗⲟ` -->
<feat xlink:href="#lb_n_59" value="15"/><!-- ⲣⲱⲙⲉ -->
<feat xlink:href="#lb_n_61" value="16"/><!-- ⲛⲉⲓ̈ -->
<feat xlink:href="#lb_n_64" value="17"/><!-- ⲧⲣⲉ -->
<feat xlink:href="#lb_n_68" value="18"/><!-- ⲧⲟⲟⲧ︤ -->
<feat xlink:href="#lb_n_73" value="19"/><!-- ⲗⲟ -->
<feat xlink:href="#lb_n_76" value="20"/><!-- Ϣⲁⲛ -->
<feat xlink:href="#lb_n_79" value="21"/><!-- ⲕ̣ⲏ̣ -->
<feat xlink:href="#lb_n_82" value="22"/><!-- ⲧⲣⲉ -->
<feat xlink:href="#lb_n_86" value="23"/><!-- ⲁ -->
<feat xlink:href="#lb_n_91" value="24"/><!-- ϩⲉ` -->
<feat xlink:href="#lb_n_95" value="25"/><!-- ⲉ -->
<feat xlink:href="#lb_n_100" value="26"/><!-- ⲧ -->
<feat xlink:href="#lb_n_105" value="27"/><!-- ⲁⲩ -->
<feat xlink:href="#lb_n_109" value="28"/><!-- ⲧⲉⲓ̈ -->
<feat xlink:href="#lb_n_112" value="29"/><!-- ⲧ -->
<feat xlink:href="#lb_n_116" value="30"/><!-- ⲡⲗⲏⲅⲏ -->
<feat xlink:href="#lb_n_120" value="31"/><!-- ϫⲣⲟⲡ -->
<feat xlink:href="#lb_n_125" value="1"/><!-- ⲡⲉ -->
<feat xlink:href="#lb_n_131" value="2"/><!-- ⲧⲉ -->
<feat xlink:href="#lb_n_136" value="3"/><!-- ϭⲟⲙ -->
<feat xlink:href="#lb_n_140" value="4"/><!-- ⲙⲟⲟϣⲉ` -->
<feat xlink:href="#lb_n_143" value="5"/><!-- ⲉⲃⲟⲗ` -->
<feat xlink:href="#lb_n_148" value="6"/><!-- ⲡ -->
<feat xlink:href="#lb_n_151" value="7"/><!-- Ⲭⲱⲣⲓⲥ -->
<feat xlink:href="#lb_n_154" value="8"/><!-- ϣⲏⲣⲉ -->
<feat xlink:href="#lb_n_156" value="9"/><!-- ⲏ̂ -->
<feat xlink:href="#lb_n_161" value="10"/><!-- ⲙⲉ -->
<feat xlink:href="#lb_n_166" value="11"/><!-- ⲣⲁⲧ -->
<feat xlink:href="#lb_n_170" value="12"/><!-- ⲗⲁⲁⲩ -->
<feat xlink:href="#lb_n_173" value="13"/><!-- ⲛ̄ -->
<feat xlink:href="#lb_n_177" value="14"/><!-- ⲉ -->
<feat xlink:href="#lb_n_181" value="15"/><!-- ⲥ︤ϩ︥ⲟⲩⲟⲣ︤ⲧ︥ -->
<feat xlink:href="#lb_n_182" value="16"/><!-- Ϥ -->
<feat xlink:href="#lb_n_185" value="17"/><!-- ⲡ -->
<feat xlink:href="#lb_n_189" value="18"/><!-- ⲛ̄ -->
<feat xlink:href="#lb_n_195" value="19"/><!-- ⲛⲟⲃⲉ -->
<feat xlink:href="#lb_n_199" value="20"/><!-- ϩⲓⲧⲟⲩⲱ -->
<feat xlink:href="#lb_n_202" value="21"/><!-- ⲟⲩ -->
<feat xlink:href="#lb_n_205" value="22"/><!-- ϩⲓⲗⲁ -->
<feat xlink:href="#lb_n_210" value="23"/><!-- ⲙⲉ` -->
<feat xlink:href="#lb_n_214" value="24"/><!-- ⲁⲗⲗⲁ -->
<feat xlink:href="#lb_n_217" value="25"/><!-- ⲙⲟⲥⲧⲉ -->
<feat xlink:href="#lb_n_221" value="26"/><!-- ⲙ̄ -->
<feat xlink:href="#lb_n_225" value="27"/><!-- ϣⲟⲟⲡ -->
<feat xlink:href="#lb_n_228" value="28"/><!-- ϣⲱⲡⲉ -->
<feat xlink:href="#lb_n_233" value="29"/><!-- ⲟⲩⲧ -->
<feat xlink:href="#lb_n_237" value="30"/><!-- ⲡⲉ -->
<feat xlink:href="#lb_n_241" value="31"/><!-- ⲧⲉ -->
<feat xlink:href="#lb_n_245" value="1"/><!-- Ⲣ -->
<feat xlink:href="#lb_n_251" value="2"/><!-- ⲙ̄ⲙⲟ -->
<feat xlink:href="#lb_n_255" value="3"/><!-- ⲙ︤ⲛ︦ⲧ︥ -->
<feat xlink:href="#lb_n_258" value="4"/><!-- ϫⲉ -->
<feat xlink:href="#lb_n_265" value="5"/><!-- ⲥⲟⲩ` -->
<feat xlink:href="#lb_n_268" value="6"/><!-- ⲙ︤ⲛ︥ -->
<feat xlink:href="#lb_n_271" value="7"/><!-- ⲙ̄ⲙⲟ -->
<feat xlink:href="#lb_n_274" value="8"/><!-- ϩⲣⲁⲓ̈ -->
<feat xlink:href="#lb_n_278" value="9"/><!-- ⲙ̄ -->
<feat xlink:href="#lb_n_281" value="10"/><!-- ϣⲱⲡⲉ` -->
<feat xlink:href="#lb_n_285" value="11"/><!-- ⲟⲩⲧ` -->
<feat xlink:href="#lb_n_289" value="12"/><!-- ⲡⲉ -->
<feat xlink:href="#lb_n_296" value="13"/><!-- Ⲥⲉ -->
<feat xlink:href="#lb_n_299" value="14"/><!-- ϭⲓ -->
<feat xlink:href="#lb_n_302" value="15"/><!-- ⲉⲧ -->
<feat xlink:href="#lb_n_306" value="16"/><!-- ⲕⲣⲟϥ` -->
<feat xlink:href="#lb_n_309" value="17"/><!-- ⲥⲩⲛⲁⲅⲟⲅⲏ` -->
<feat xlink:href="#lb_n_310" value="18"/><!-- ⲧⲏⲣ -->
<feat xlink:href="#lb_n_315" value="19"/><!-- ⲉⲓⲥ -->
<feat xlink:href="#lb_n_323" value="20"/><!-- [ⲧⲉ] -->
<feat xlink:href="#lb_n_327" value="21"/><!-- [ⲛⲟ]ϭ -->
<feat xlink:href="#lb_n_330" value="22"/><!-- ⲛ -->
<feat xlink:href="#lb_n_336" value="23"/><!-- ϩⲟ -->
<feat xlink:href="#lb_n_339" value="24"/><!-- ⲟⲩ -->
<feat xlink:href="#lb_n_343" value="25"/><!-- ⲉⲧⲃⲉ -->
<feat xlink:href="#lb_n_346" value="26"/><!-- ϣⲁϥⲧⲉ -->
<feat xlink:href="#lb_n_351" value="27"/><!-- ⲉⲓⲣⲉ -->
<feat xlink:href="#lb_n_355" value="28"/><!-- ⲙⲓⲁ` -->
<feat xlink:href="#lb_n_359" value="29"/><!-- ⲏ̂ -->
<feat xlink:href="#lb_n_363" value="30"/><!-- ⲉⲃⲟⲗ -->
<feat xlink:href="#lb_n_366" value="31"/><!-- ϩⲏ -->
<feat xlink:href="#lb_n_370" value="1"/><!-- Ⲁⲩⲱ -->
<feat xlink:href="#lb_n_375" value="2"/><!-- ⲧⲉⲣⲉ -->
<feat xlink:href="#lb_n_378" value="3"/><!-- ⲛⲁ -->
<feat xlink:href="#lb_n_381" value="4"/><!-- ϩⲓ -->
<feat xlink:href="#lb_n_384" value="5"/><!-- ⲁⲩⲱ -->
<feat xlink:href="#lb_n_388" value="6"/><!-- ⲛ̄ⲥⲁ -->
<feat xlink:href="#lb_n_394" value="7"/><!-- ⲉⲃⲟⲗ` -->
<feat xlink:href="#lb_n_397" value="8"/><!-- ⲙⲏⲧⲉ -->
<feat xlink:href="#lb_n_402" value="9"/><!-- Ⲛ̄ -->
<feat xlink:href="#lb_n_407" value="10"/><!-- ⲕⲁⲓⲟⲥ` -->
<feat xlink:href="#lb_n_412" value="11"/><!-- ⲧⲉ` -->
<feat xlink:href="#lb_n_418" value="12"/><!-- ⲛ̄ⲥⲱ -->
<feat xlink:href="#lb_n_423" value="13"/><!-- ⲟⲥ` -->
<feat xlink:href="#lb_n_426" value="14"/><!-- ϩⲃⲏⲩⲉ -->
<feat xlink:href="#lb_n_429" value="15"/><!-- ⲕⲁⲧⲁ -->
<feat xlink:href="#lb_n_432" value="16"/><!-- ⲙ̄ -->
<feat xlink:href="#lb_n_435" value="17"/><!-- ⲧⲏⲥ` -->
<feat xlink:href="#lb_n_438" value="18"/><!-- ⲡ -->
<feat xlink:href="#lb_n_443" value="19"/><!-- ϩⲙ̄ -->
<feat xlink:href="#lb_n_447" value="20"/><!-- ⲙⲁ` -->
<feat xlink:href="#lb_n_450" value="21"/><!-- ⲉ -->
<feat xlink:href="#lb_n_455" value="22"/><!-- ⲕⲱ -->
<feat xlink:href="#lb_n_459" value="23"/><!-- ⲡⲉⲓ -->
<feat xlink:href="#lb_n_463" value="24"/><!-- ⲟⲩⲉ` -->
<feat xlink:href="#lb_n_466" value="25"/><!-- ⲙⲟⲟⲩ -->
<feat xlink:href="#lb_n_468" value="26"/><!-- Ⲛⲁ -->
<feat xlink:href="#lb_n_472" value="27"/><!-- ⲛ̄ -->
<feat xlink:href="#lb_n_475" value="28"/><!-- ⲉⲧⲉⲣⲉ -->
<feat xlink:href="#lb_n_478" value="29"/><!-- ⲧⲉ -->
<feat xlink:href="#lb_n_482" value="30"/><!-- ϩⲏⲧ` -->
<feat xlink:href="#lb_n_485" value="31"/><!-- ⲧⲟⲟⲧ -->
<feat xlink:href="#lb_n_487" value="1"/><!-- ⲉ -->
<feat xlink:href="#lb_n_493" value="2"/><!-- ⲉ -->
<feat xlink:href="#lb_n_498" value="3"/><!-- ⲧⲉ -->
<feat xlink:href="#lb_n_505" value="4"/><!-- Ⲣⲱⲙⲉ -->
<feat xlink:href="#lb_n_508" value="5"/><!-- ⲉ -->
<feat xlink:href="#lb_n_515" value="6"/><!-- ⲛ̣̄ -->
<feat xlink:href="#lb_n_519" value="7"/><!-- ϩⲉⲛ -->
<feat xlink:href="#lb_n_522" value="8"/><!-- ⲡⲓⲥⲧⲟⲥ -->
<feat xlink:href="#lb_n_524" value="9"/><!-- ⲉ -->
<feat xlink:href="#lb_n_532" value="10"/><!-- ⲛ̄ -->
<feat xlink:href="#lb_n_535" value="11"/><!-- ϩ︤ⲛ︥ -->
<feat xlink:href="#lb_n_539" value="12"/><!-- ⲉⲧⲃⲉ -->
<feat xlink:href="#lb_n_542" value="13"/><!-- ϩⲱⲱ -->
<feat xlink:href="#lb_n_546" value="14"/><!-- ϥ -->
<feat xlink:href="#lb_n_550" value="15"/><!-- ⲙⲏⲧⲉ -->
<feat xlink:href="#lb_n_553" value="16"/><!-- ⲛⲓⲙ -->
<feat xlink:href="#lb_n_556" value="17"/><!-- ϩⲃⲏⲩⲉ -->
<feat xlink:href="#lb_n_559" value="18"/><!-- ⲁⲩⲱ -->
<feat xlink:href="#lb_n_563" value="19"/><!-- Ⲟⲩⲟⲛ -->
<feat xlink:href="#lb_n_567" value="20"/><!-- ⲛ -->
<feat xlink:href="#lb_n_571" value="21"/><!-- ⲛⲁⲩ` -->
<feat xlink:href="#lb_n_576" value="22"/><!-- ⲕⲣⲟϥ` -->
<feat xlink:href="#lb_n_580" value="23"/><!-- ϩ︤ⲙ︥ -->
<feat xlink:href="#lb_n_586" value="24"/><!-- ⲟⲩⲉ` -->
<feat xlink:href="#lb_n_591" value="25"/><!-- ⲁⲩ -->
<feat xlink:href="#lb_n_597" value="26"/><!-- ⲉϩⲟⲩⲛ -->
<feat xlink:href="#lb_n_601" value="27"/><!-- Ⲁⲩⲱ -->
<feat xlink:href="#lb_n_604" value="28"/><!-- ⲥⲉ -->
<feat xlink:href="#lb_n_607" value="29"/><!-- ϫⲉ -->
<feat xlink:href="#lb_n_611" value="30"/><!-- ϫⲉ -->
<feat xlink:href="#lb_n_615" value="31"/><!-- ϩⲃⲏⲩⲉ -->
<feat xlink:href="#lb_n_618" value="1"/><!-- ⲛⲏ -->
<feat xlink:href="#lb_n_624" value="2"/><!-- Ⲉ -->
<feat xlink:href="#lb_n_631" value="3"/><!-- ⲟⲩ -->
<feat xlink:href="#lb_n_635" value="4"/><!-- ϩⲟⲩ -->
<feat xlink:href="#lb_n_639" value="5"/><!-- ⲃⲟⲗ -->
<feat xlink:href="#lb_n_643" value="6"/><!-- ⲧⲉ` -->
<feat xlink:href="#lb_n_648" value="7"/><!-- ϩⲟⲟⲩⲧ` -->
<feat xlink:href="#lb_n_651" value="8"/><!-- ϣⲱⲡⲉ -->
<feat xlink:href="#lb_n_655" value="9"/><!-- ⲙⲉ -->
<feat xlink:href="#lb_n_660" value="10"/><!-- Ⲟⲩⲉ` -->
<feat xlink:href="#lb_n_665" value="11"/><!-- ⲧ -->
<feat xlink:href="#lb_n_669" value="12"/><!-- ϩⲟⲩ` -->
<feat xlink:href="#lb_n_673" value="13"/><!-- ⲉⲡⲓⲥⲧⲟⲗⲏ -->
<feat xlink:href="#lb_n_675" value="14"/><!-- ⲁⲩⲱ -->
<feat xlink:href="#lb_n_679" value="15"/><!-- ϩⲟⲩ -->
<feat xlink:href="#lb_n_683" value="16"/><!-- ⲏⲛⲉ` -->
<feat xlink:href="#lb_n_688" value="17"/><!-- ⲣ -->
<feat xlink:href="#lb_n_693" value="18"/><!-- ⲧⲏⲥ -->
<feat xlink:href="#lb_n_697" value="19"/><!-- ⲛ̄ -->
<feat xlink:href="#lb_n_700" value="20"/><!-- Ⲛ̄ -->
<feat xlink:href="#lb_n_705" value="21"/><!-- ⲁⲁⲃ` -->
<feat xlink:href="#lb_n_708" value="22"/><!-- ϫⲟⲉⲓⲥ -->
<feat xlink:href="#lb_n_711" value="23"/><!-- ⲥⲏϩ -->
<feat xlink:href="#lb_n_715" value="24"/><!-- ⲫⲏ` -->
<feat xlink:href="#lb_n_720" value="25"/><!-- ⲉⲡⲓⲥⲧⲟⲗⲏ -->
<feat xlink:href="#lb_n_721" value="26"/><!-- ϯ -->
<feat xlink:href="#lb_n_725" value="27"/><!-- ϫⲉ -->
<feat xlink:href="#lb_n_729" value="28"/><!-- ⲉ -->
<feat xlink:href="#lb_n_735" value="29"/><!-- Ⲧⲱⲛ` -->
<feat xlink:href="#lb_n_739" value="30"/><!-- ⲃ︤ⲥ︥` -->
<feat xlink:href="#lb_n_744" value="31"/><!-- ⲟ -->
<feat xlink:href="#lb_n_750" value="1"/><!-- ⲛ -->
<feat xlink:href="#lb_n_754" value="2"/><!-- ⲉ -->
<feat xlink:href="#lb_n_758" value="3"/><!-- ⲡ -->
<feat xlink:href="#lb_n_762" value="4"/><!-- ϩⲟⲟⲩ -->
<feat xlink:href="#lb_n_766" value="5"/><!-- Ⲁⲧ -->
<feat xlink:href="#lb_n_771" value="6"/><!-- ⲉⲙⲁⲧⲉ -->
<feat xlink:href="#lb_n_774" value="7"/><!-- ⲙ︤ⲛ︦ⲧ︥ -->
<feat xlink:href="#lb_n_779" value="8"/><!-- ⲧⲛⲧⲱⲛ` -->
<feat xlink:href="#lb_n_782" value="9"/><!-- ⲛⲩⲕⲧⲉⲣⲓⲥ -->
<feat xlink:href="#lb_n_784" value="10"/><!-- ⲁⲩⲱ -->
<feat xlink:href="#lb_n_789" value="11"/><!-- ϣⲁ -->
<feat xlink:href="#lb_n_793" value="12"/><!-- ⲡ -->
<feat xlink:href="#lb_n_797" value="13"/><!-- ⲥⲉ -->
<feat xlink:href="#lb_n_800" value="14"/><!-- ⲉ -->
<feat xlink:href="#lb_n_806" value="15"/><!-- ϩⲣⲁⲓ̈ -->
<feat xlink:href="#lb_n_810" value="16"/><!-- ⲉ -->
<feat xlink:href="#lb_n_814" value="17"/><!-- ϩⲉⲛ -->
<feat xlink:href="#lb_n_816" value="18"/><!-- ⲣⲓⲥ` -->
<feat xlink:href="#lb_n_820" value="19"/><!-- ⲡⲉ -->
<feat xlink:href="#lb_n_823" value="20"/><!-- ⲉ -->
<feat xlink:href="#lb_n_828" value="21"/><!-- ⲡ -->
<feat xlink:href="#lb_n_831" value="22"/><!-- ⲡ -->
<feat xlink:href="#lb_n_835" value="23"/><!-- ϩⲏⲃ︤ⲥ︥ -->
<feat xlink:href="#lb_n_839" value="24"/><!-- ⲟⲉⲓⲛ` -->
<feat xlink:href="#lb_n_843" value="25"/><!-- ⲟⲩ -->
<feat xlink:href="#lb_n_847" value="26"/><!-- Ⲧⲉ -->
<feat xlink:href="#lb_n_851" value="27"/><!-- ⲛ̄ -->
<feat xlink:href="#lb_n_854" value="28"/><!-- ⲛ -->
<feat xlink:href="#lb_n_859" value="29"/><!-- ⲙⲁⲧⲉ -->
<feat xlink:href="#lb_n_862" value="30"/><!-- ⲙ︤ⲛ︦ⲧ︥ -->
<feat xlink:href="#lb_n_865" value="31"/><!-- ⲣⲱϩ︤ⲧ︥ -->
<feat xlink:href="#lb_n_868" value="1"/><!-- ⲉⲥⲏⲧ` -->
<feat xlink:href="#lb_n_872" value="2"/><!-- ⲛⲉⲩ -->
<feat xlink:href="#lb_n_875" value="3"/><!-- ⲛⲉⲩ -->
<feat xlink:href="#lb_n_878" value="4"/><!-- ⲙ︤ⲛ︥ -->
<feat xlink:href="#lb_n_882" value="5"/><!-- ⲡⲉ -->
<feat xlink:href="#lb_n_886" value="6"/><!-- ⲛⲟⲩϫ -->
<feat xlink:href="#lb_n_889" value="7"/><!-- ⲛ̄ -->
<feat xlink:href="#lb_n_893" value="8"/><!-- ⲙ̄ -->
<feat xlink:href="#lb_n_897" value="9"/><!-- Ⲉⲓⲧⲉ -->
<feat xlink:href="#lb_n_900" value="10"/><!-- ⲛⲉ -->
<feat xlink:href="#lb_n_903" value="11"/><!-- Ⲉⲓⲧⲉ -->
<feat xlink:href="#lb_n_907" value="12"/><!-- ⲧⲉⲓ̈ -->
<feat xlink:href="#lb_n_909" value="13"/><!-- ⲙ̄ -->
<feat xlink:href="#lb_n_914" value="14"/><!-- ⲗⲁ -->
<feat xlink:href="#lb_n_919" value="15"/><!-- ⲕⲟⲟⲩⲉ -->
<feat xlink:href="#lb_n_922" value="16"/><!-- ⲉⲧ -->
<feat xlink:href="#lb_n_926" value="17"/><!-- ⲛⲉⲓ̈ -->
<feat xlink:href="#lb_n_929" value="18"/><!-- ⲥⲏϩ -->
<feat xlink:href="#lb_n_933" value="19"/><!-- Ⲡⲁⲗⲓⲛ -->
<feat xlink:href="#lb_n_938" value="20"/><!-- ⲧ︤ⲛ︥ⲧⲱⲛ -->
<feat xlink:href="#lb_n_941" value="21"/><!-- ϣⲁϫⲉ -->
<feat xlink:href="#lb_n_944" value="22"/><!-- ⲁⲁⲃ -->
<feat xlink:href="#lb_n_947" value="23"/><!-- ϫⲟⲉⲓⲥ -->
<feat xlink:href="#lb_n_952" value="24"/><!-- ⲟⲉⲓⲛ -->
<feat xlink:href="#lb_n_956" value="25"/><!-- ⲃ︤ⲥ︥ -->
<feat xlink:href="#lb_n_962" value="26"/><!-- ⲛ̄ -->
<feat xlink:href="#lb_n_966" value="27"/><!-- ⲥⲁⲃⲉ -->
<feat xlink:href="#lb_n_972" value="28"/><!-- ⲟⲉⲓⲛ -->
<feat xlink:href="#lb_n_976" value="29"/><!-- ϩⲉⲛ -->
<feat xlink:href="#lb_n_980" value="30"/><!-- ⲉ -->
<feat xlink:href="#lb_n_985" value="31"/><!-- ϩⲃⲏⲩⲉ -->
<feat xlink:href="#lb_n_988" value="1"/><!-- ⲑ -->
<feat xlink:href="#lb_n_993" value="2"/><!-- ⲡ -->
<feat xlink:href="#lb_n_998" value="3"/><!-- ⲉⲣⲏⲧⲉ -->
<feat xlink:href="#lb_n_1002" value="4"/><!-- ϣⲁϫⲉ -->
<feat xlink:href="#lb_n_1004" value="5"/><!-- Ⲉ -->
<feat xlink:href="#lb_n_1010" value="6"/><!-- ⲟⲉⲓⲛ -->
<feat xlink:href="#lb_n_1014" value="7"/><!-- ⲟⲩ` -->
<feat xlink:href="#lb_n_1019" value="8"/><!-- ϯ -->
<feat xlink:href="#lb_n_1024" value="9"/><!-- ⲟⲩ -->
<feat xlink:href="#lb_n_1029" value="10"/><!-- ϫⲣⲟⲡ -->
<feat xlink:href="#lb_n_1032" value="11"/><!-- ⲛⲉ -->
<feat xlink:href="#lb_n_1035" value="12"/><!-- ⲡ -->
<feat xlink:href="#lb_n_1038" value="13"/><!-- ϩ︤ⲛ︥ -->
<feat xlink:href="#lb_n_1042" value="14"/><!-- ⲙⲉ -->
<feat xlink:href="#lb_n_1047" value="15"/><!-- Ⲉⲧⲃⲉ -->
<feat xlink:href="#lb_n_1050" value="16"/><!-- ⲧ -->
<feat xlink:href="#lb_n_1055" value="17"/><!-- ⲙ̄ -->
<feat xlink:href="#lb_n_1059" value="18"/><!-- ⲧⲉ -->
<feat xlink:href="#lb_n_1063" value="19"/><!-- ϣⲉ -->
<feat xlink:href="#lb_n_1068" value="20"/><!-- ⲣⲏ̣ⲥⲓⲁ` -->
<feat xlink:href="#lb_n_1071" value="21"/><!-- ⲧⲁⲅⲏ -->
<feat xlink:href="#lb_n_1074" value="22"/><!-- ⲙ︤ⲛ︦ⲧ︥ -->
<feat xlink:href="#lb_n_1076" value="23"/><!-- ⲛⲓⲙ -->
<feat xlink:href="#lb_n_1080" value="24"/><!-- ⲛ̄ -->
<feat xlink:href="#lb_n_1082" value="25"/><!-- Ⲟⲩⲟⲓ̈ -->
<feat xlink:href="#lb_n_1087" value="26"/><!-- ⲣⲉ -->
<feat xlink:href="#lb_n_1091" value="27"/><!-- ⲉⲧⲉ -->
<feat xlink:href="#lb_n_1095" value="28"/><!-- ⲟϣⲉ -->
<feat xlink:href="#lb_n_1098" value="29"/><!-- ⲙ︤ⲛ︦ⲧ︥ -->
<feat xlink:href="#lb_n_1101" value="30"/><!-- ⲛⲓⲙ` -->
<feat xlink:href="#lb_n_1105" value="31"/><!-- ⲥⲃⲱ -->
<feat xlink:href="#lb_n_1110" value="1"/><!-- ⲡⲏⲧ -->
<feat xlink:href="#lb_n_1113" value="2"/><!-- ⲉϩⲣⲁⲓ̈ -->
<feat xlink:href="#lb_n_1117" value="3"/><!-- ⲛ̄ -->
<feat xlink:href="#lb_n_1122" value="4"/><!-- ϩⲟⲟⲩ -->
<feat xlink:href="#lb_n_1128" value="5"/><!-- ⲛⲩⲕⲧⲉⲣⲓⲥ` -->
<feat xlink:href="#lb_n_1130" value="6"/><!-- ⲡⲏⲧ -->
<feat xlink:href="#lb_n_1133" value="7"/><!-- ⲉϩⲣⲁⲓ̈ -->
<feat xlink:href="#lb_n_1137" value="8"/><!-- ⲛ̄ -->
<feat xlink:href="#lb_n_1142" value="9"/><!-- ⲕ︤ϩ︥ -->
<feat xlink:href="#lb_n_1145" value="10"/><!-- Ⲁϩⲣⲟ -->
<feat xlink:href="#lb_n_1151" value="11"/><!-- ⲛ̄ϭⲓ -->
<feat xlink:href="#lb_n_1154" value="12"/><!-- ⲡ -->
<feat xlink:href="#lb_n_1159" value="13"/><!-- ϩⲓ -->
<feat xlink:href="#lb_n_1163" value="14"/><!-- ⲛⲉϥ -->
<feat xlink:href="#lb_n_1167" value="15"/><!-- ⲁⲃ` -->
<feat xlink:href="#lb_n_1170" value="16"/><!-- ⲡⲉ -->
<feat xlink:href="#lb_n_1175" value="17"/><!-- ⲙⲁ -->
<feat xlink:href="#lb_n_1178" value="18"/><!-- ⲁⲩⲱ -->
<feat xlink:href="#lb_n_1182" value="19"/><!-- ⲉⲓⲃⲉ -->
<feat xlink:href="#lb_n_1186" value="20"/><!-- ⲉⲧⲃⲉ -->
<feat xlink:href="#lb_n_1190" value="21"/><!-- ⲁ -->
<feat xlink:href="#lb_n_1195" value="22"/><!-- ⲉⲣϣⲁⲛ -->
<feat xlink:href="#lb_n_1198" value="23"/><!-- ⲥⲟⲛ` -->
<feat xlink:href="#lb_n_1201" value="24"/><!-- ⲥⲱ -->
<feat xlink:href="#lb_n_1205" value="25"/><!-- ϣⲱⲡⲉ -->
<feat xlink:href="#lb_n_1209" value="26"/><!-- ⲑ -->
<feat xlink:href="#lb_n_1214" value="27"/><!-- ⲕⲟⲥ -->
<feat xlink:href="#lb_n_1217" value="28"/><!-- ⲧⲉⲗⲱⲛⲏⲥ -->
<feat xlink:href="#lb_n_1219" value="29"/><!-- Ϩⲙ -->
<feat xlink:href="#lb_n_1224" value="30"/><!-- ⲟ -->
<feat xlink:href="#lb_n_1231" value="31"/><!-- ⲧ -->
<feat xlink:href="#lb_n_1235" value="1"/><!-- ⲛ̄ -->
<feat xlink:href="#lb_n_1238" value="2"/><!-- ⲉⲩⲉ` -->
<feat xlink:href="#lb_n_1242" value="3"/><!-- ⲧⲟⲗⲏ̂` -->
<feat xlink:href="#lb_n_1247" value="4"/><!-- Ⲱϣ` -->
<feat xlink:href="#lb_n_1252" value="5"/><!-- ⲑⲟⲥ -->
<feat xlink:href="#lb_n_1255" value="6"/><!-- ⲛ̄ⲧⲉ -->
<feat xlink:href="#lb_n_1260" value="7"/><!-- ϫⲱⲕ -->
<feat xlink:href="#lb_n_1263" value="8"/><!-- ⲟⲩ -->
<feat xlink:href="#lb_n_1266" value="9"/><!-- ⲑⲟⲥ` -->
<feat xlink:href="#lb_n_1270" value="10"/><!-- ⲛⲏⲣⲓⲁ` -->
<feat xlink:href="#lb_n_1274" value="11"/><!-- ⲛⲏⲣⲟⲥ -->
<feat xlink:href="#lb_n_1277" value="12"/><!-- ⲙⲉ` -->
<feat xlink:href="#lb_n_1281" value="13"/><!-- ⲡ -->
<feat xlink:href="#lb_n_1285" value="14"/><!-- ⲡ -->
<feat xlink:href="#lb_n_1287" value="15"/><!-- Ⲉⲡⲉⲓⲇⲏ` -->
<feat xlink:href="#lb_n_1291" value="16"/><!-- ⲛ̄ -->
<feat xlink:href="#lb_n_1294" value="17"/><!-- ⲙ̄ -->
<feat xlink:href="#lb_n_1297" value="18"/><!-- ⲛ̄ -->
<feat xlink:href="#lb_n_1300" value="19"/><!-- ⲣⲉ -->
<feat xlink:href="#lb_n_1304" value="20"/><!-- ⲑⲟⲥ` -->
<feat xlink:href="#lb_n_1308" value="21"/><!-- ⲑⲟⲥ -->
<feat xlink:href="#lb_n_1311" value="22"/><!-- ϥⲓ` -->
<feat xlink:href="#lb_n_1317" value="23"/><!-- ⲛⲏⲣⲓⲁ -->
<feat xlink:href="#lb_n_1321" value="24"/><!-- ⲙⲉ -->
<feat xlink:href="#lb_n_1325" value="25"/><!-- Ϩ︤ⲙ︥ -->
<feat xlink:href="#lb_n_1330" value="26"/><!-- ⲙⲉ -->
<feat xlink:href="#lb_n_1332" value="27"/><!-- ⲛ̄ -->
<feat xlink:href="#lb_n_1337" value="28"/><!-- ⲛⲟⲩ -->
<feat xlink:href="#lb_n_1342" value="29"/><!-- ⲛ̄ -->
<feat xlink:href="#lb_n_1347" value="30"/><!-- ⲉ -->
<feat xlink:href="#lb_n_1352" value="31"/><!-- ⲃⲟⲗ -->
<feat xlink:href="#lb_n_1356" value="1"/><!-- ⲛⲟⲩⲧⲉ -->
<feat xlink:href="#lb_n_1360" value="2"/><!-- ⲧⲉ -->
<feat xlink:href="#lb_n_1365" value="3"/><!-- Ⲡ -->
<feat xlink:href="#lb_n_1369" value="4"/><!-- ⲱⲃⲉ` -->
<feat xlink:href="#lb_n_1374" value="5"/><!-- ⲑⲟⲟⲩ` -->
<feat xlink:href="#lb_n_1379" value="6"/><!-- ⲟⲩ -->
<feat xlink:href="#lb_n_1383" value="7"/><!-- ⲛⲟⲩ -->
<feat xlink:href="#lb_n_1388" value="8"/><!-- ϫⲱⲕ -->
<feat xlink:href="#lb_n_1391" value="9"/><!-- ⲧ -->
<feat xlink:href="#lb_n_1395" value="10"/><!-- ⲧⲉ` -->
<feat xlink:href="#lb_n_1400" value="11"/><!-- ⲧⲉ` -->
<feat xlink:href="#lb_n_1405" value="12"/><!-- Ϩ︤ⲙ︥ -->
<feat xlink:href="#lb_n_1410" value="13"/><!-- ⲥ -->
<feat xlink:href="#lb_n_1414" value="14"/><!-- ϣⲁⲛ -->
<feat xlink:href="#lb_n_1417" value="15"/><!-- ⲥⲟⲛ` -->
<feat xlink:href="#lb_n_1419" value="16"/><!-- ⲛ̄ⲥⲱ -->
<feat xlink:href="#lb_n_1423" value="17"/><!-- ϣⲱⲡⲉ` -->
<feat xlink:href="#lb_n_1426" value="18"/><!-- ⲉ -->
<feat xlink:href="#lb_n_1432" value="19"/><!-- ⲙ̄ -->
<feat xlink:href="#lb_n_1437" value="20"/><!-- ⲛⲁⲩ -->
<feat xlink:href="#lb_n_1441" value="21"/><!-- ⲛⲉϩ` -->
<feat xlink:href="#lb_n_1444" value="22"/><!-- Ⲙⲉⲛ` -->
<feat xlink:href="#lb_n_1448" value="23"/><!-- ⲛ̄ϭⲓ -->
<feat xlink:href="#lb_n_1451" value="24"/><!-- ⲉ -->
<feat xlink:href="#lb_n_1455" value="25"/><!-- ⲧ︤ -->
<feat xlink:href="#lb_n_1459" value="26"/><!-- ⲙⲟ -->
<feat xlink:href="#lb_n_1462" value="27"/><!-- ⲧⲣⲉ -->
<feat xlink:href="#lb_n_1466" value="28"/><!-- ϫⲉ -->
<feat xlink:href="#lb_n_1469" value="29"/><!-- ⲛ︤ -->
<feat xlink:href="#lb_n_1474" value="30"/><!-- ⲙ︤ⲛ︥ⲛ̄ⲥⲁ -->
<feat xlink:href="#lb_n_1477" value="31"/><!-- ϣⲱⲡⲉ -->
<feat xlink:href="#lb_n_1481" value="1"/><!-- ⲛ̄ -->
<feat xlink:href="#lb_n_1485" value="2"/><!-- ⲧⲃⲉ -->
<feat xlink:href="#lb_n_1488" value="3"/><!-- ⲉ -->
<feat xlink:href="#lb_n_1492" value="4"/><!-- Ⲁⲩⲱ -->
<feat xlink:href="#lb_n_1497" value="5"/><!-- ⲛ︤ -->
<feat xlink:href="#lb_n_1500" value="6"/><!-- ⲛ̄ -->
<feat xlink:href="#lb_n_1505" value="7"/><!-- ⲉⲃⲟⲗ -->
<feat xlink:href="#lb_n_1509" value="8"/><!-- ⲛ̄ -->
<feat xlink:href="#lb_n_1513" value="9"/><!-- ϩⲟⲧⲁⲛ -->
<feat xlink:href="#lb_n_1517" value="10"/><!-- ⲧ︤ⲙ︥ -->
<feat xlink:href="#lb_n_1521" value="11"/><!-- ⲉϩⲣⲁⲓ̈ -->
<feat xlink:href="#lb_n_1525" value="12"/><!-- ⲉⲛⲧ -->
<feat xlink:href="#lb_n_1531" value="13"/><!-- ⲉ -->
<feat xlink:href="#lb_n_1535" value="14"/><!-- ⲙ̄ⲙⲟ -->
<feat xlink:href="#lb_n_1538" value="15"/><!-- ⲏⲧ -->
<feat xlink:href="#lb_n_1542" value="16"/><!-- Ⲉ -->
<feat xlink:href="#lb_n_1547" value="17"/><!-- ⲧ︤ⲙ︥ -->
<feat xlink:href="#lb_n_1555" value="18"/><!-- ⲉⲃⲟⲗ -->
<feat xlink:href="#lb_n_1559" value="19"/><!-- ⲃⲉ` -->
<feat xlink:href="#lb_n_1564" value="20"/><!-- ⲉⲩⲉ` -->
<feat xlink:href="#lb_n_1568" value="21"/><!-- ⲉⲃⲟⲗ -->
<feat xlink:href="#lb_n_1571" value="22"/><!-- ⲉⲧⲃⲏⲏⲧ︤ -->
<feat xlink:href="#lb_n_1573" value="23"/><!-- ⲉ -->
<feat xlink:href="#lb_n_1578" value="24"/><!-- ⲉⲃⲟⲗ -->
<feat xlink:href="#lb_n_1581" value="25"/><!-- ⲁⲩⲱ -->
<feat xlink:href="#lb_n_1584" value="26"/><!-- ⲕⲧⲟ -->
<feat xlink:href="#lb_n_1588" value="27"/><!-- ⲁⲩⲱ -->
<feat xlink:href="#lb_n_1592" value="28"/><!-- ⲣⲓⲧ︤ -->
<feat xlink:href="#lb_n_1597" value="29"/><!-- ⲉ -->
<feat xlink:href="#lb_n_1601" value="30"/><!-- ⲛ̄ -->
<feat xlink:href="#lb_n_1605" value="31"/><!-- ⲧ -->
<feat xlink:href="#lb_n_1609" value="1"/><!-- ⲉ -->
<feat xlink:href="#lb_n_1613" value="2"/><!-- Ⲁⲩⲱ -->
<feat xlink:href="#lb_n_1618" value="3"/><!-- ⲣⲉ -->
<feat xlink:href="#lb_n_1622" value="4"/><!-- ⲧⲉ` -->
<feat xlink:href="#lb_n_1625" value="5"/><!-- ⲃⲟⲗ` -->
<feat xlink:href="#lb_n_1629" value="6"/><!-- ⲱϣ` -->
<feat xlink:href="#lb_n_1633" value="7"/><!-- ϩⲟⲩⲛ -->
<feat xlink:href="#lb_n_1637" value="8"/><!-- ϫⲉ -->
<feat xlink:href="#lb_n_1642" value="9"/><!-- ⲉ -->
<feat xlink:href="#lb_n_1646" value="10"/><!-- ⲥⲟⲛ` -->
<feat xlink:href="#lb_n_1650" value="11"/><!-- ϩⲟⲩⲟ` -->
<feat xlink:href="#lb_n_1654" value="12"/><!-- ⲱⲧ` -->
<feat xlink:href="#lb_n_1657" value="13"/><!-- ⲙⲁⲁⲩ -->
<feat xlink:href="#lb_n_1662" value="14"/><!-- Ⲅⲁⲣ -->
<feat xlink:href="#lb_n_1667" value="15"/><!-- ⲗⲓⲟⲥ -->
<feat xlink:href="#lb_n_1671" value="16"/><!-- ⲡ -->
<feat xlink:href="#lb_n_1674" value="17"/><!-- ⲱⲧ` -->
<feat xlink:href="#lb_n_1677" value="18"/><!-- ⲙⲟ -->
<feat xlink:href="#lb_n_1681" value="19"/><!-- ⲥⲟⲛ` -->
<feat xlink:href="#lb_n_1684" value="20"/><!-- ϣⲏⲣⲉ` -->
<feat xlink:href="#lb_n_1687" value="21"/><!-- ϣⲉⲉⲣⲉ` -->
<feat xlink:href="#lb_n_1691" value="22"/><!-- ⲉⲓⲱⲧ -->
<feat xlink:href="#lb_n_1694" value="23"/><!-- ⲙⲁⲁⲩ` -->
<feat xlink:href="#lb_n_1698" value="24"/><!-- ⲁⲩ` -->
<feat xlink:href="#lb_n_1702" value="25"/><!-- ⲧⲁ -->
<feat xlink:href="#lb_n_1709" value="26"/><!-- ⲧⲉ -->
<feat xlink:href="#lb_n_1714" value="27"/><!-- ϣⲁⲛ -->
<feat xlink:href="#lb_n_1717" value="28"/><!-- ⲉ -->
<feat xlink:href="#lb_n_1723" value="29"/><!-- ⲙⲓⲟ -->
<feat xlink:href="#lb_n_1726" value="30"/><!-- ⲡ -->
<feat xlink:href="#lb_n_1730" value="31"/><!-- Ⲁⲩⲱ -->
<feat xlink:href="#lb_n_1734" value="1"/><!-- ⲙ︤ⲛ︦ⲧ︥ -->
<feat xlink:href="#lb_n_1738" value="2"/><!-- ⲧⲉ -->
<feat xlink:href="#lb_n_1743" value="3"/><!-- ⲙⲉ -->
<feat xlink:href="#lb_n_1746" value="4"/><!-- ϫⲓϫⲉⲉⲩ` -->
<feat xlink:href="#lb_n_1748" value="5"/><!-- ⲡ -->
<feat xlink:href="#lb_n_1750" value="6"/><!-- Ⲁⲩⲱ -->
<feat xlink:href="#lb_n_1754" value="7"/><!-- ⲉϫ︤ⲛ︥ -->
<feat xlink:href="#lb_n_1758" value="8"/><!-- ⲛ̄ⲥⲱ -->
<feat xlink:href="#lb_n_1762" value="9"/><!-- ⲡ -->
<feat xlink:href="#lb_n_1767" value="10"/><!-- ⲁⲩⲱ -->
<feat xlink:href="#lb_n_1773" value="11"/><!-- ⲧⲉ -->
<feat xlink:href="#lb_n_1778" value="12"/><!-- ⲛ -->
<feat xlink:href="#lb_n_1782" value="13"/><!-- ⲙⲟ -->
<feat xlink:href="#lb_n_1787" value="14"/><!-- ⲃⲉ -->
<feat xlink:href="#lb_n_1791" value="15"/><!-- Ⲁⲩⲱ -->
<feat xlink:href="#lb_n_1796" value="16"/><!-- ⲛ̄ⲧ -->
<feat xlink:href="#lb_n_1803" value="17"/><!-- ⲙⲁⲣⲉ -->
<feat xlink:href="#lb_n_1806" value="18"/><!-- ϣⲱⲡⲉ -->
<feat xlink:href="#lb_n_1809" value="19"/><!-- ⲛ̄ -->
<feat xlink:href="#lb_n_1812" value="20"/><!-- ⲕⲟⲥ` -->
<feat xlink:href="#lb_n_1815" value="21"/><!-- ⲧⲉⲗⲱⲛⲏⲥ` -->
<feat xlink:href="#lb_n_1817" value="22"/><!-- ⲧⲃⲉ -->
<feat xlink:href="#lb_n_1822" value="23"/><!-- ϩⲟⲧⲁⲛ -->
<feat xlink:href="#lb_n_1826" value="24"/><!-- ⲣ̄ -->
<feat xlink:href="#lb_n_1831" value="25"/><!-- ⲧⲟ` -->
<feat xlink:href="#lb_n_1837" value="26"/><!-- ⲉⲓⲥ -->
<feat xlink:href="#lb_n_1841" value="27"/><!-- ϫⲉ -->
<feat xlink:href="#lb_n_1845" value="28"/><!-- ⲉⲧ -->
<feat xlink:href="#lb_n_1849" value="29"/><!-- ⲣⲟ -->
<feat xlink:href="#lb_n_1854" value="30"/><!-- ⲧ︤ -->
<feat xlink:href="#lb_n_1862" value="31"/><!-- ⲉ -->
<feat xlink:href="#lb_n_1867" value="1"/><!-- ⲡ -->
<feat xlink:href="#lb_n_1870" value="2"/><!-- Ⲁⲛⲟⲛ -->
<feat xlink:href="#lb_n_1873" value="3"/><!-- ⲛ -->
<feat xlink:href="#lb_n_1878" value="4"/><!-- ϩⲟⲥⲟⲛ` -->
<feat xlink:href="#lb_n_1883" value="5"/><!-- ⲕⲟⲓⲛⲱⲛⲟⲥ -->
<feat xlink:href="#lb_n_1884" value="6"/><!-- ⲙ︤ⲛ︥ -->
<feat xlink:href="#lb_n_1887" value="7"/><!-- ⲁⲛⲟⲛ` -->
<feat xlink:href="#lb_n_1890" value="8"/><!-- ⲛ̄ -->
<feat xlink:href="#lb_n_1893" value="9"/><!-- ⲛ̄ -->
<feat xlink:href="#lb_n_1896" value="10"/><!-- ⲡ -->
<feat xlink:href="#lb_n_1900" value="11"/><!-- Ⲁⲩⲱ -->
<feat xlink:href="#lb_n_1903" value="12"/><!-- ϣⲏⲣⲉ -->
<feat xlink:href="#lb_n_1907" value="13"/><!-- ⲁⲩ -->
<feat xlink:href="#lb_n_1911" value="14"/><!-- ⲧⲉ -->
<feat xlink:href="#lb_n_1915" value="15"/><!-- ⲧ -->
<feat xlink:href="#lb_n_1919" value="16"/><!-- ⲛⲉ -->
<feat xlink:href="#lb_n_1922" value="17"/><!-- Ⲙⲏ -->
<feat xlink:href="#lb_n_1928" value="18"/><!-- ⲧ︤ⲡ︥ -->
<feat xlink:href="#lb_n_1932" value="19"/><!-- ⲱⲧ -->
<feat xlink:href="#lb_n_1935" value="20"/><!-- ⲙⲁⲁⲩ -->
<feat xlink:href="#lb_n_1939" value="21"/><!-- ϫⲡⲟ -->
<feat xlink:href="#lb_n_1942" value="22"/><!-- ⲉ -->
<feat xlink:href="#lb_n_1947" value="23"/><!-- ⲕⲁⲧⲁ -->
<feat xlink:href="#lb_n_1950" value="24"/><!-- ϩⲟⲩⲟ` -->
<feat xlink:href="#lb_n_1953" value="25"/><!-- ϫⲟⲉⲓⲥ -->
<feat xlink:href="#lb_n_1956" value="26"/><!-- ⲉⲓⲱⲧ` -->
<feat xlink:href="#lb_n_1958" value="27"/><!-- ⲧⲉⲛ -->
<feat xlink:href="#lb_n_1961" value="28"/><!-- ⲙⲉ -->
<feat xlink:href="#lb_n_1966" value="29"/><!-- Ⲧ -->
<feat xlink:href="#lb_n_1972" value="30"/><!-- ϩ︤ⲙ︥ -->
<feat xlink:href="#lb_n_1975" value="31"/><!-- ⲉⲧ -->
</featList>
</paula>
