<?xml version="1.0" standalone="no"?>

<!DOCTYPE paula SYSTEM "paula_mark.dtd">
<paula version="1.0">

<header paula_id="a22.YA517-518_tok"/>

<markList xmlns:xlink="http://www.w3.org/1999/xlink" type="tok" xml:base="a22.YA517-518.text.xml">
<mark id="tok_1" xlink:href="#xpointer(string-range(//body,'',1,8))"/><!-- […..]ⲉ̣ⲁ -->
<mark id="tok_2" xlink:href="#xpointer(string-range(//body,'',10,4))"/><!-- ⲙⲕⲁϩ -->
<mark id="tok_3" xlink:href="#xpointer(string-range(//body,'',15,7))"/><!-- [.....] -->
<mark id="tok_4" xlink:href="#xpointer(string-range(//body,'',23,6))"/><!-- ⲉⲙⲁⲧⲉ⳿ -->
<mark id="tok_5" xlink:href="#xpointer(string-range(//body,'',30,9))"/><!-- [.....]ⲩⲟ -->
<mark id="tok_6" xlink:href="#xpointer(string-range(//body,'',40,1))"/><!-- ⲉ -->
<mark id="tok_7" xlink:href="#xpointer(string-range(//body,'',42,4))"/><!-- ⲙⲕⲁϩ -->
<mark id="tok_8" xlink:href="#xpointer(string-range(//body,'',47,5))"/><!-- [ⲛⲓ]ⲙ -->
<mark id="tok_9" xlink:href="#xpointer(string-range(//body,'',53,1))"/><!-- ⲉ -->
<mark id="tok_10" xlink:href="#xpointer(string-range(//body,'',55,1))"/><!-- ϥ -->
<mark id="tok_11" xlink:href="#xpointer(string-range(//body,'',57,5))"/><!-- ϩⲣⲁⲓ̈ -->
<mark id="tok_12" xlink:href="#xpointer(string-range(//body,'',63,2))"/><!-- ϩⲓ -->
<mark id="tok_13" xlink:href="#xpointer(string-range(//body,'',66,2))"/><!-- ϫⲱ -->
<mark id="tok_14" xlink:href="#xpointer(string-range(//body,'',69,2))"/><!-- ⲓ̈ -->
<mark id="tok_15" xlink:href="#xpointer(string-range(//body,'',72,1))"/><!-- · -->
<mark id="tok_16" xlink:href="#xpointer(string-range(//body,'',74,4))"/><!-- ⲉⲧⲃⲉ -->
<mark id="tok_17" xlink:href="#xpointer(string-range(//body,'',79,3))"/><!-- Ⲛ̣̄ -->
<mark id="tok_18" xlink:href="#xpointer(string-range(//body,'',83,5))"/><!-- ϣⲉⲉⲣⲉ -->
<mark id="tok_19" xlink:href="#xpointer(string-range(//body,'',89,2))"/><!-- ⲇⲉ -->
<mark id="tok_20" xlink:href="#xpointer(string-range(//body,'',92,4))"/><!-- ϣⲏⲙ⳿ -->
<mark id="tok_21" xlink:href="#xpointer(string-range(//body,'',97,3))"/><!-- ⲛ̄ⲧ -->
<mark id="tok_22" xlink:href="#xpointer(string-range(//body,'',101,1))"/><!-- ⲁ -->
<mark id="tok_23" xlink:href="#xpointer(string-range(//body,'',103,1))"/><!-- ⲛ -->
<mark id="tok_24" xlink:href="#xpointer(string-range(//body,'',105,6))"/><!-- ⲥⲱⲧ︤ⲙ︥ -->
<mark id="tok_25" xlink:href="#xpointer(string-range(//body,'',112,1))"/><!-- ⲉ -->
<mark id="tok_26" xlink:href="#xpointer(string-range(//body,'',114,5))"/><!-- ⲧⲃⲏⲏⲧ -->
<mark id="tok_27" xlink:href="#xpointer(string-range(//body,'',120,2))"/><!-- ⲟⲩ -->
<mark id="tok_28" xlink:href="#xpointer(string-range(//body,'',123,1))"/><!-- · -->
<mark id="tok_29" xlink:href="#xpointer(string-range(//body,'',125,2))"/><!-- ϫⲉ -->
<mark id="tok_30" xlink:href="#xpointer(string-range(//body,'',128,2))"/><!-- ⲥⲉ -->
<mark id="tok_31" xlink:href="#xpointer(string-range(//body,'',131,2))"/><!-- ⲛⲁ -->
<mark id="tok_32" xlink:href="#xpointer(string-range(//body,'',134,4))"/><!-- ⲡⲱⲧ⳿ -->
<mark id="tok_33" xlink:href="#xpointer(string-range(//body,'',139,5))"/><!-- ⲉϩⲟⲩ⳯ -->
<mark id="tok_34" xlink:href="#xpointer(string-range(//body,'',145,1))"/><!-- ⲉ -->
<mark id="tok_35" xlink:href="#xpointer(string-range(//body,'',147,3))"/><!-- ⲛⲉⲩ -->
<mark id="tok_36" xlink:href="#xpointer(string-range(//body,'',151,5))"/><!-- ⲉⲣⲏⲩ⳿ -->
<mark id="tok_37" xlink:href="#xpointer(string-range(//body,'',157,4))"/><!-- ϩ︤ⲛ︥ -->
<mark id="tok_38" xlink:href="#xpointer(string-range(//body,'',162,4))"/><!-- ⲟⲩⲱϣ -->
<mark id="tok_39" xlink:href="#xpointer(string-range(//body,'',167,1))"/><!-- ⲛ -->
<mark id="tok_40" xlink:href="#xpointer(string-range(//body,'',169,3))"/><!-- ⲥⲁⲣ -->
<mark id="tok_41" xlink:href="#xpointer(string-range(//body,'',173,5))"/><!-- ⲕⲓⲕⲟⲛ -->
<mark id="tok_42" xlink:href="#xpointer(string-range(//body,'',179,1))"/><!-- · -->
<mark id="tok_43" xlink:href="#xpointer(string-range(//body,'',181,2))"/><!-- ⲙⲁ -->
<mark id="tok_44" xlink:href="#xpointer(string-range(//body,'',184,2))"/><!-- ⲧⲁ -->
<mark id="tok_45" xlink:href="#xpointer(string-range(//body,'',187,2))"/><!-- ⲙⲟ -->
<mark id="tok_46" xlink:href="#xpointer(string-range(//body,'',190,2))"/><!-- ⲓ̈ -->
<mark id="tok_47" xlink:href="#xpointer(string-range(//body,'',193,6))"/><!-- ⲉⲧⲃⲏⲏⲧ -->
<mark id="tok_48" xlink:href="#xpointer(string-range(//body,'',200,2))"/><!-- ⲟⲩ -->
<mark id="tok_49" xlink:href="#xpointer(string-range(//body,'',203,4))"/><!-- ϩ︤ⲛ︥ -->
<mark id="tok_50" xlink:href="#xpointer(string-range(//body,'',208,2))"/><!-- ⲟⲩ -->
<mark id="tok_51" xlink:href="#xpointer(string-range(//body,'',211,6))"/><!-- ⲱⲣ︤ϫ︥⳿ -->
<mark id="tok_52" xlink:href="#xpointer(string-range(//body,'',218,2))"/><!-- ϫⲉ -->
<mark id="tok_53" xlink:href="#xpointer(string-range(//body,'',221,4))"/><!-- ⲉⲓ̈ⲉ -->
<mark id="tok_54" xlink:href="#xpointer(string-range(//body,'',226,4))"/><!-- ⲉⲓⲙⲉ -->
<mark id="tok_55" xlink:href="#xpointer(string-range(//body,'',231,3))"/><!-- ⲁⲩⲱ -->
<mark id="tok_56" xlink:href="#xpointer(string-range(//body,'',235,1))"/><!-- ϯ -->
<mark id="tok_57" xlink:href="#xpointer(string-range(//body,'',237,2))"/><!-- ⲛⲁ -->
<mark id="tok_58" xlink:href="#xpointer(string-range(//body,'',240,4))"/><!-- ⲧⲁⲙⲱ -->
<mark id="tok_59" xlink:href="#xpointer(string-range(//body,'',245,4))"/><!-- ⲧ︤ⲛ︥ -->
<mark id="tok_60" xlink:href="#xpointer(string-range(//body,'',250,2))"/><!-- ϫⲉ -->
<mark id="tok_61" xlink:href="#xpointer(string-range(//body,'',253,1))"/><!-- ⲉ -->
<mark id="tok_62" xlink:href="#xpointer(string-range(//body,'',255,3))"/><!-- ⲧⲉⲧ -->
<mark id="tok_63" xlink:href="#xpointer(string-range(//body,'',259,2))"/><!-- ⲛⲁ -->
<mark id="tok_64" xlink:href="#xpointer(string-range(//body,'',262,1))"/><!-- ⲣ -->
<mark id="tok_65" xlink:href="#xpointer(string-range(//body,'',264,3))"/><!-- ⲟ᷍ⲩ -->
<mark id="tok_66" xlink:href="#xpointer(string-range(//body,'',268,2))"/><!-- ⲛⲁ -->
<mark id="tok_67" xlink:href="#xpointer(string-range(//body,'',271,1))"/><!-- ⲩ -->
<mark id="tok_68" xlink:href="#xpointer(string-range(//body,'',273,1))"/><!-- · -->
<mark id="tok_69" xlink:href="#xpointer(string-range(//body,'',275,4))"/><!-- Ⲉⲧⲃⲉ -->
<mark id="tok_70" xlink:href="#xpointer(string-range(//body,'',280,4))"/><!-- ⲧⲁⲓ̈ -->
<mark id="tok_71" xlink:href="#xpointer(string-range(//body,'',285,2))"/><!-- ⲇⲉ -->
<mark id="tok_72" xlink:href="#xpointer(string-range(//body,'',288,2))"/><!-- ⲟⲛ -->
<mark id="tok_73" xlink:href="#xpointer(string-range(//body,'',291,4))"/><!-- ⲛ̄ⲧⲁ -->
<mark id="tok_74" xlink:href="#xpointer(string-range(//body,'',296,6))"/><!-- ⲧⲉⲧ︤ⲛ︥ -->
<mark id="tok_75" xlink:href="#xpointer(string-range(//body,'',303,2))"/><!-- ϫⲟ -->
<mark id="tok_76" xlink:href="#xpointer(string-range(//body,'',306,1))"/><!-- ⲟ -->
<mark id="tok_77" xlink:href="#xpointer(string-range(//body,'',308,2))"/><!-- ⲥ⳿ -->
<mark id="tok_78" xlink:href="#xpointer(string-range(//body,'',311,7))"/><!-- ⲉⲧⲃⲏⲏⲧ︤ -->
<mark id="tok_79" xlink:href="#xpointer(string-range(//body,'',319,2))"/><!-- ⲥ︥ -->
<mark id="tok_80" xlink:href="#xpointer(string-range(//body,'',322,1))"/><!-- ⲉ -->
<mark id="tok_81" xlink:href="#xpointer(string-range(//body,'',324,3))"/><!-- ⲧⲣⲉ -->
<mark id="tok_82" xlink:href="#xpointer(string-range(//body,'',328,1))"/><!-- ⲥ -->
<mark id="tok_83" xlink:href="#xpointer(string-range(//body,'',330,4))"/><!-- ⲃⲱⲕ⳿ -->
<mark id="tok_84" xlink:href="#xpointer(string-range(//body,'',335,1))"/><!-- ⲉ -->
<mark id="tok_85" xlink:href="#xpointer(string-range(//body,'',337,1))"/><!-- ⲡ -->
<mark id="tok_86" xlink:href="#xpointer(string-range(//body,'',339,3))"/><!-- ⲙⲁ⳿ -->
<mark id="tok_87" xlink:href="#xpointer(string-range(//body,'',343,3))"/><!-- ⲛ̄ⲧ -->
<mark id="tok_88" xlink:href="#xpointer(string-range(//body,'',347,1))"/><!-- ⲁ -->
<mark id="tok_89" xlink:href="#xpointer(string-range(//body,'',349,2))"/><!-- ⲧⲉ -->
<mark id="tok_90" xlink:href="#xpointer(string-range(//body,'',352,4))"/><!-- ⲧ︤ⲛ︥ -->
<mark id="tok_91" xlink:href="#xpointer(string-range(//body,'',357,4))"/><!-- ⲧⲟϣ︤ -->
<mark id="tok_92" xlink:href="#xpointer(string-range(//body,'',362,2))"/><!-- ϥ︥ -->
<mark id="tok_93" xlink:href="#xpointer(string-range(//body,'',365,2))"/><!-- ⲛⲁ -->
<mark id="tok_94" xlink:href="#xpointer(string-range(//body,'',368,1))"/><!-- ⲥ -->
<mark id="tok_95" xlink:href="#xpointer(string-range(//body,'',370,1))"/><!-- ⲉ -->
<mark id="tok_96" xlink:href="#xpointer(string-range(//body,'',372,3))"/><!-- ⲧⲣⲉ -->
<mark id="tok_97" xlink:href="#xpointer(string-range(//body,'',376,1))"/><!-- ⲥ -->
<mark id="tok_98" xlink:href="#xpointer(string-range(//body,'',378,2))"/><!-- ⲣ̄ -->
<mark id="tok_99" xlink:href="#xpointer(string-range(//body,'',381,3))"/><!-- ⲡⲉⲥ -->
<mark id="tok_100" xlink:href="#xpointer(string-range(//body,'',385,4))"/><!-- ϩⲱⲃ⳿ -->
<mark id="tok_101" xlink:href="#xpointer(string-range(//body,'',390,6))"/><!-- ⲛ̄ϩⲏⲧ︤ -->
<mark id="tok_102" xlink:href="#xpointer(string-range(//body,'',397,2))"/><!-- ϥ︥ -->
<mark id="tok_103" xlink:href="#xpointer(string-range(//body,'',400,1))"/><!-- ⲉ -->
<mark id="tok_104" xlink:href="#xpointer(string-range(//body,'',402,1))"/><!-- ⲁ -->
<mark id="tok_105" xlink:href="#xpointer(string-range(//body,'',404,1))"/><!-- ⲥ -->
<mark id="tok_106" xlink:href="#xpointer(string-range(//body,'',406,3))"/><!-- ϫⲟⲟ -->
<mark id="tok_107" xlink:href="#xpointer(string-range(//body,'',410,1))"/><!-- ⲥ -->
<mark id="tok_108" xlink:href="#xpointer(string-range(//body,'',412,2))"/><!-- ⲛⲏ -->
<mark id="tok_109" xlink:href="#xpointer(string-range(//body,'',415,4))"/><!-- ⲧ︤ⲛ︥ -->
<mark id="tok_110" xlink:href="#xpointer(string-range(//body,'',420,2))"/><!-- ϫⲉ -->
<mark id="tok_111" xlink:href="#xpointer(string-range(//body,'',423,4))"/><!-- ⲉϣϫⲉ -->
<mark id="tok_112" xlink:href="#xpointer(string-range(//body,'',428,3))"/><!-- ⲧⲉⲧ -->
<mark id="tok_113" xlink:href="#xpointer(string-range(//body,'',432,2))"/><!-- ⲛⲁ -->
<mark id="tok_114" xlink:href="#xpointer(string-range(//body,'',435,4))"/><!-- ⲛ︤ⲧ︥ -->
<mark id="tok_115" xlink:href="#xpointer(string-range(//body,'',440,1))"/><!-- ⲉ -->
<mark id="tok_116" xlink:href="#xpointer(string-range(//body,'',442,3))"/><!-- ⲃⲟⲗ -->
<mark id="tok_117" xlink:href="#xpointer(string-range(//body,'',446,4))"/><!-- ϩ︤ⲙ︥ -->
<mark id="tok_118" xlink:href="#xpointer(string-range(//body,'',451,4))"/><!-- ⲡⲉⲓ̈ -->
<mark id="tok_119" xlink:href="#xpointer(string-range(//body,'',456,2))"/><!-- ⲙⲁ -->
<mark id="tok_120" xlink:href="#xpointer(string-range(//body,'',459,1))"/><!-- ⲉ -->
<mark id="tok_121" xlink:href="#xpointer(string-range(//body,'',461,4))"/><!-- ⲡⲁⲓ̈ -->
<mark id="tok_122" xlink:href="#xpointer(string-range(//body,'',466,2))"/><!-- ⲛ̣ -->
<mark id="tok_123" xlink:href="#xpointer(string-range(//body,'',469,2))"/><!-- ϯ̣ -->
<mark id="tok_124" xlink:href="#xpointer(string-range(//body,'',472,2))"/><!-- ⲛⲁ -->
<mark id="tok_125" xlink:href="#xpointer(string-range(//body,'',475,2))"/><!-- ⲣ̄ -->
<mark id="tok_126" xlink:href="#xpointer(string-range(//body,'',478,3))"/><!-- ϩⲱⲃ -->
<mark id="tok_127" xlink:href="#xpointer(string-range(//body,'',482,5))"/><!-- ⲁ[ⲛ̣] -->
<mark id="tok_128" xlink:href="#xpointer(string-range(//body,'',488,1))"/><!-- ⲉ -->
<mark id="tok_129" xlink:href="#xpointer(string-range(//body,'',490,1))"/><!-- ⲡ -->
<mark id="tok_130" xlink:href="#xpointer(string-range(//body,'',492,1))"/><!-- ϩ -->
<mark id="tok_131" xlink:href="#xpointer(string-range(//body,'',494,1))"/><!-- ⲱ -->
<mark id="tok_132" xlink:href="#xpointer(string-range(//body,'',496,1))"/><!-- ⲃ -->
<mark id="tok_133" xlink:href="#xpointer(string-range(//body,'',498,1))"/><!-- ⲉ -->
<mark id="tok_134" xlink:href="#xpointer(string-range(//body,'',500,1))"/><!-- ϯ -->
<mark id="tok_135" xlink:href="#xpointer(string-range(//body,'',502,2))"/><!-- ⲣ̄ -->
<mark id="tok_136" xlink:href="#xpointer(string-range(//body,'',505,3))"/><!-- ϩⲱⲃ -->
<mark id="tok_137" xlink:href="#xpointer(string-range(//body,'',509,3))"/><!-- ⲉⲣⲟ -->
<mark id="tok_138" xlink:href="#xpointer(string-range(//body,'',513,1))"/><!-- ϥ -->
<mark id="tok_139" xlink:href="#xpointer(string-range(//body,'',515,1))"/><!-- · -->
<mark id="tok_140" xlink:href="#xpointer(string-range(//body,'',517,3))"/><!-- ⲁⲩⲱ -->
<mark id="tok_141" xlink:href="#xpointer(string-range(//body,'',521,5))"/><!-- ⲉϣⲱⲡⲉ -->
<mark id="tok_142" xlink:href="#xpointer(string-range(//body,'',527,4))"/><!-- ⲙ̄ⲡ︤ -->
<mark id="tok_143" xlink:href="#xpointer(string-range(//body,'',532,2))"/><!-- ⲥ︥ -->
<mark id="tok_144" xlink:href="#xpointer(string-range(//body,'',535,5))"/><!-- ⲣ̄ϩⲛⲁ -->
<mark id="tok_145" xlink:href="#xpointer(string-range(//body,'',541,2))"/><!-- ⲥ⳿ -->
<mark id="tok_146" xlink:href="#xpointer(string-range(//body,'',544,2))"/><!-- ⲛⲁ -->
<mark id="tok_147" xlink:href="#xpointer(string-range(//body,'',547,3))"/><!-- ⲙⲉ⳿ -->
<mark id="tok_148" xlink:href="#xpointer(string-range(//body,'',551,1))"/><!-- · -->
<mark id="tok_149" xlink:href="#xpointer(string-range(//body,'',553,4))"/><!-- ⲉⲓ̈ⲉ -->
<mark id="tok_150" xlink:href="#xpointer(string-range(//body,'',558,3))"/><!-- ⲁϫⲓ -->
<mark id="tok_151" xlink:href="#xpointer(string-range(//body,'',562,1))"/><!-- ⲥ -->
<mark id="tok_152" xlink:href="#xpointer(string-range(//body,'',564,2))"/><!-- ⲟⲛ -->
<mark id="tok_153" xlink:href="#xpointer(string-range(//body,'',567,3))"/><!-- ⲉⲣⲟ -->
<mark id="tok_154" xlink:href="#xpointer(string-range(//body,'',571,3))"/><!-- ⲓ̈⳿ -->
<mark id="tok_155" xlink:href="#xpointer(string-range(//body,'',575,1))"/><!-- ϯ -->
<mark id="tok_156" xlink:href="#xpointer(string-range(//body,'',577,2))"/><!-- ⲛⲁ -->
<mark id="tok_157" xlink:href="#xpointer(string-range(//body,'',580,5))"/><!-- ⲧⲥⲁⲃⲱ -->
<mark id="tok_158" xlink:href="#xpointer(string-range(//body,'',586,4))"/><!-- ⲧ︤ⲛ︥ -->
<mark id="tok_159" xlink:href="#xpointer(string-range(//body,'',591,1))"/><!-- ⲉ -->
<mark id="tok_160" xlink:href="#xpointer(string-range(//body,'',593,1))"/><!-- ⲡ -->
<mark id="tok_161" xlink:href="#xpointer(string-range(//body,'',595,2))"/><!-- ⲉⲧ -->
<mark id="tok_162" xlink:href="#xpointer(string-range(//body,'',598,2))"/><!-- ⲉⲧ -->
<mark id="tok_163" xlink:href="#xpointer(string-range(//body,'',601,2))"/><!-- ⲛⲁ -->
<mark id="tok_164" xlink:href="#xpointer(string-range(//body,'',604,1))"/><!-- ⲁ -->
<mark id="tok_165" xlink:href="#xpointer(string-range(//body,'',606,1))"/><!-- ⲁ -->
<mark id="tok_166" xlink:href="#xpointer(string-range(//body,'',608,2))"/><!-- ϥ⳿ -->
<mark id="tok_167" xlink:href="#xpointer(string-range(//body,'',611,2))"/><!-- ⲛⲁ -->
<mark id="tok_168" xlink:href="#xpointer(string-range(//body,'',614,1))"/><!-- ⲥ -->
<mark id="tok_169" xlink:href="#xpointer(string-range(//body,'',616,1))"/><!-- · -->
<mark id="tok_170" xlink:href="#xpointer(string-range(//body,'',618,8))"/><!-- Ⲛ̄ⲧⲱⲧ︤ⲛ︥ -->
<mark id="tok_171" xlink:href="#xpointer(string-range(//body,'',627,2))"/><!-- ⲇⲉ -->
<mark id="tok_172" xlink:href="#xpointer(string-range(//body,'',630,3))"/><!-- ⲧⲏⲣ -->
<mark id="tok_173" xlink:href="#xpointer(string-range(//body,'',634,4))"/><!-- ⲧ︤ⲛ︥ -->
<mark id="tok_174" xlink:href="#xpointer(string-range(//body,'',639,7))"/><!-- ⲉⲧⲉⲧ︤ⲛ︥ -->
<mark id="tok_175" xlink:href="#xpointer(string-range(//body,'',647,3))"/><!-- ϣⲁⲛ -->
<mark id="tok_176" xlink:href="#xpointer(string-range(//body,'',651,4))"/><!-- ϩⲱⲡ⳿ -->
<mark id="tok_177" xlink:href="#xpointer(string-range(//body,'',656,1))"/><!-- ⲉ -->
<mark id="tok_178" xlink:href="#xpointer(string-range(//body,'',658,2))"/><!-- ⲣⲟ -->
<mark id="tok_179" xlink:href="#xpointer(string-range(//body,'',661,2))"/><!-- ⲛ⳿ -->
<mark id="tok_180" xlink:href="#xpointer(string-range(//body,'',664,2))"/><!-- ⲛ̄ -->
<mark id="tok_181" xlink:href="#xpointer(string-range(//body,'',667,2))"/><!-- ⲟⲩ -->
<mark id="tok_182" xlink:href="#xpointer(string-range(//body,'',670,3))"/><!-- ϩⲱⲃ -->
<mark id="tok_183" xlink:href="#xpointer(string-range(//body,'',674,2))"/><!-- ⲛ̄ -->
<mark id="tok_184" xlink:href="#xpointer(string-range(//body,'',677,4))"/><!-- ⲕⲣⲟϥ -->
<mark id="tok_185" xlink:href="#xpointer(string-range(//body,'',682,2))"/><!-- ϩⲁ -->
<mark id="tok_186" xlink:href="#xpointer(string-range(//body,'',685,4))"/><!-- ⲧ︤ⲛ︥ -->
<mark id="tok_187" xlink:href="#xpointer(string-range(//body,'',690,7))"/><!-- ⲧⲏⲩⲧ︤ⲛ︥ -->
<mark id="tok_188" xlink:href="#xpointer(string-range(//body,'',698,1))"/><!-- ⲉ -->
<mark id="tok_189" xlink:href="#xpointer(string-range(//body,'',700,4))"/><!-- ⲧ︤ⲙ︥ -->
<mark id="tok_190" xlink:href="#xpointer(string-range(//body,'',705,3))"/><!-- ⲧⲣⲉ -->
<mark id="tok_191" xlink:href="#xpointer(string-range(//body,'',709,4))"/><!-- ⲧ︤ⲛ︥ -->
<mark id="tok_192" xlink:href="#xpointer(string-range(//body,'',714,2))"/><!-- ⲧⲁ -->
<mark id="tok_193" xlink:href="#xpointer(string-range(//body,'',717,2))"/><!-- ⲙⲟ -->
<mark id="tok_194" xlink:href="#xpointer(string-range(//body,'',720,2))"/><!-- ⲛ⳿ -->
<mark id="tok_195" xlink:href="#xpointer(string-range(//body,'',723,3))"/><!-- ⲉⲣⲟ -->
<mark id="tok_196" xlink:href="#xpointer(string-range(//body,'',727,1))"/><!-- ϥ -->
<mark id="tok_197" xlink:href="#xpointer(string-range(//body,'',729,1))"/><!-- · -->
<mark id="tok_198" xlink:href="#xpointer(string-range(//body,'',731,1))"/><!-- ⲉ -->
<mark id="tok_199" xlink:href="#xpointer(string-range(//body,'',733,6))"/><!-- ⲧⲉⲧ︤ⲛ︥ -->
<mark id="tok_200" xlink:href="#xpointer(string-range(//body,'',740,3))"/><!-- ⲧⲟⲩ -->
<mark id="tok_201" xlink:href="#xpointer(string-range(//body,'',744,3))"/><!-- ⲛⲟⲥ -->
<mark id="tok_202" xlink:href="#xpointer(string-range(//body,'',748,2))"/><!-- ⲙ̄ -->
<mark id="tok_203" xlink:href="#xpointer(string-range(//body,'',751,1))"/><!-- ⲡ -->
<mark id="tok_204" xlink:href="#xpointer(string-range(//body,'',753,4))"/><!-- ⲥⲁⲧⲁ -->
<mark id="tok_205" xlink:href="#xpointer(string-range(//body,'',758,4))"/><!-- ⲛⲁⲥ⳿ -->
<mark id="tok_206" xlink:href="#xpointer(string-range(//body,'',763,6))"/><!-- ⲉϩⲣⲁⲓ̈ -->
<mark id="tok_207" xlink:href="#xpointer(string-range(//body,'',770,1))"/><!-- ⲉ -->
<mark id="tok_208" xlink:href="#xpointer(string-range(//body,'',772,2))"/><!-- ϫⲱ -->
<mark id="tok_209" xlink:href="#xpointer(string-range(//body,'',775,4))"/><!-- ⲧ︤ⲛ︥ -->
<mark id="tok_210" xlink:href="#xpointer(string-range(//body,'',780,6))"/><!-- ⲙ̄ⲙⲓⲛ⳿ -->
<mark id="tok_211" xlink:href="#xpointer(string-range(//body,'',787,4))"/><!-- ⲙ̄ⲙⲱ -->
<mark id="tok_212" xlink:href="#xpointer(string-range(//body,'',792,4))"/><!-- ⲧ︤ⲛ︥ -->
<mark id="tok_213" xlink:href="#xpointer(string-range(//body,'',797,1))"/><!-- · -->
<mark id="tok_214" xlink:href="#xpointer(string-range(//body,'',799,3))"/><!-- ⲁⲩⲱ -->
<mark id="tok_215" xlink:href="#xpointer(string-range(//body,'',803,1))"/><!-- ⲉ -->
<mark id="tok_216" xlink:href="#xpointer(string-range(//body,'',805,6))"/><!-- ⲧⲉⲧ︤ⲛ︥ -->
<mark id="tok_217" xlink:href="#xpointer(string-range(//body,'',812,3))"/><!-- ⲕⲧⲟ -->
<mark id="tok_218" xlink:href="#xpointer(string-range(//body,'',816,4))"/><!-- ⲉⲃⲟⲗ -->
<mark id="tok_219" xlink:href="#xpointer(string-range(//body,'',821,4))"/><!-- ⲙ̄ⲙⲱ -->
<mark id="tok_220" xlink:href="#xpointer(string-range(//body,'',826,4))"/><!-- ⲧ︤ⲛ︥ -->
<mark id="tok_221" xlink:href="#xpointer(string-range(//body,'',831,2))"/><!-- ⲛ̄ -->
<mark id="tok_222" xlink:href="#xpointer(string-range(//body,'',834,1))"/><!-- ⲧ -->
<mark id="tok_223" xlink:href="#xpointer(string-range(//body,'',836,7))"/><!-- ⲃⲟⲏⲑⲓⲁ⳿ -->
<mark id="tok_224" xlink:href="#xpointer(string-range(//body,'',844,1))"/><!-- ⲙ -->
<mark id="tok_225" xlink:href="#xpointer(string-range(//body,'',846,1))"/><!-- ⲡ -->
<mark id="tok_226" xlink:href="#xpointer(string-range(//body,'',848,6))"/><!-- ⲛⲟⲩⲧⲉ⳿ -->
<mark id="tok_227" xlink:href="#xpointer(string-range(//body,'',855,3))"/><!-- ⲙⲁⲩ -->
<mark id="tok_228" xlink:href="#xpointer(string-range(//body,'',859,2))"/><!-- ⲁⲧ -->
<mark id="tok_229" xlink:href="#xpointer(string-range(//body,'',862,7))"/><!-- ⲧⲏⲩⲧ︤ⲛ︥ -->
<mark id="tok_230" xlink:href="#xpointer(string-range(//body,'',870,1))"/><!-- · -->
<mark id="tok_231" xlink:href="#xpointer(string-range(//body,'',872,3))"/><!-- ⲉⲓⲥ -->
<mark id="tok_232" xlink:href="#xpointer(string-range(//body,'',876,1))"/><!-- ⲡ -->
<mark id="tok_233" xlink:href="#xpointer(string-range(//body,'',878,7))"/><!-- ϩ̄ⲗ̄ⲗⲟ⳿ -->
<mark id="tok_234" xlink:href="#xpointer(string-range(//body,'',886,1))"/><!-- ⲁ -->
<mark id="tok_235" xlink:href="#xpointer(string-range(//body,'',888,2))"/><!-- ⲓ̈ -->
<mark id="tok_236" xlink:href="#xpointer(string-range(//body,'',891,4))"/><!-- ⲧ︤ⲛ︥ -->
<mark id="tok_237" xlink:href="#xpointer(string-range(//body,'',896,4))"/><!-- ⲛⲟⲟⲩ -->
<mark id="tok_238" xlink:href="#xpointer(string-range(//body,'',901,1))"/><!-- ϥ -->
<mark id="tok_239" xlink:href="#xpointer(string-range(//body,'',903,4))"/><!-- ϣⲁⲣⲱ -->
<mark id="tok_240" xlink:href="#xpointer(string-range(//body,'',908,4))"/><!-- ⲧ︤ⲛ︥ -->
<mark id="tok_241" xlink:href="#xpointer(string-range(//body,'',913,2))"/><!-- ⲙ̄ -->
<mark id="tok_242" xlink:href="#xpointer(string-range(//body,'',916,3))"/><!-- ⲡⲉⲓ -->
<mark id="tok_243" xlink:href="#xpointer(string-range(//body,'',920,2))"/><!-- ⲕⲉ -->
<mark id="tok_244" xlink:href="#xpointer(string-range(//body,'',923,6))"/><!-- ⲥⲟⲡ[.] -->
<mark id="tok_245" xlink:href="#xpointer(string-range(//body,'',930,1))"/><!-- ⲛ -->
<mark id="tok_246" xlink:href="#xpointer(string-range(//body,'',932,5))"/><!-- ϩⲟⲥⲟ⳯ -->
<mark id="tok_247" xlink:href="#xpointer(string-range(//body,'',938,1))"/><!-- ⲉ -->
<mark id="tok_248" xlink:href="#xpointer(string-range(//body,'',940,1))"/><!-- ⲛ -->
<mark id="tok_249" xlink:href="#xpointer(string-range(//body,'',942,6))"/><!-- ϣ[ⲟ]ⲟⲡ -->
<mark id="tok_250" xlink:href="#xpointer(string-range(//body,'',949,1))"/><!-- : -->
<mark id="tok_251" xlink:href="#xpointer(string-range(//body,'',951,1))"/><!-- ⲻ -->
<mark id="tok_252" xlink:href="#xpointer(string-range(//body,'',953,0))"/><!--   -->
<mark id="tok_253" xlink:href="#xpointer(string-range(//body,'',954,0))"/><!--   -->
<mark id="tok_254" xlink:href="#xpointer(string-range(//body,'',955,0))"/><!--   -->
<mark id="tok_255" xlink:href="#xpointer(string-range(//body,'',956,0))"/><!--   -->
<mark id="tok_256" xlink:href="#xpointer(string-range(//body,'',957,0))"/><!--   -->
</markList>
</paula>
