<?xml version="1.0" encoding="UTF-8" standalone="no"?>

<!DOCTYPE paula SYSTEM "paula_mark.dtd">
<paula version="1.0">

<header paula_id="a22.YA517-518_lb_nSeg"/>

<markList xmlns:xlink="http://www.w3.org/1999/xlink" type="lb_nSeg" xml:base="a22.YA517-518.tok.xml">
<mark id="lb_n_1" xlink:href="#xpointer(id('tok_1')/range-to(id('tok_2')))"/><!-- […..]ⲉ̣ⲁ...ⲙⲕⲁϩ -->
<mark id="lb_n_3" xlink:href="#xpointer(id('tok_3')/range-to(id('tok_4')))"/><!-- [.....]...ⲉⲙⲁⲧⲉ⳿ -->
<mark id="lb_n_5" xlink:href="#xpointer(id('tok_5')/range-to(id('tok_7')))"/><!-- [.....]ⲩⲟ...ⲙⲕⲁϩ -->
<mark id="lb_n_8" xlink:href="#xpointer(id('tok_8')/range-to(id('tok_12')))"/><!-- [ⲛⲓ]ⲙ...ϩⲓ -->
<mark id="lb_n_13" xlink:href="#xpointer(id('tok_13')/range-to(id('tok_16')))"/><!-- ϫⲱ...ⲉⲧⲃⲉ -->
<mark id="lb_n_17" xlink:href="#xpointer(id('tok_17')/range-to(id('tok_20')))"/><!-- Ⲛ̣̄...ϣⲏⲙ⳿ -->
<mark id="lb_n_21" xlink:href="#xpointer(id('tok_21')/range-to(id('tok_25')))"/><!-- ⲛ̄ⲧ...ⲉ -->
<mark id="lb_n_26" xlink:href="#xpointer(id('tok_26')/range-to(id('tok_29')))"/><!-- ⲧⲃⲏⲏⲧ...ϫⲉ -->
<mark id="lb_n_30" xlink:href="#xpointer(id('tok_30')/range-to(id('tok_33')))"/><!-- ⲥⲉ...ⲉϩⲟⲩ⳯ -->
<mark id="lb_n_34" xlink:href="#xpointer(id('tok_34')/range-to(id('tok_37')))"/><!-- ⲉ...ϩ︤ⲛ︥ -->
<mark id="lb_n_38" xlink:href="#xpointer(id('tok_38')/range-to(id('tok_40')))"/><!-- ⲟⲩⲱϣ...ⲥⲁⲣ -->
<mark id="lb_n_41" xlink:href="#xpointer(id('tok_41')/range-to(id('tok_44')))"/><!-- ⲕⲓⲕⲟⲛ...ⲧⲁ -->
<mark id="lb_n_45" xlink:href="#xpointer(id('tok_45')/range-to(id('tok_48')))"/><!-- ⲙⲟ...ⲟⲩ -->
<mark id="lb_n_49" xlink:href="#xpointer(id('tok_49')/range-to(id('tok_52')))"/><!-- ϩ︤ⲛ︥...ϫⲉ -->
<mark id="lb_n_53" xlink:href="#xpointer(id('tok_53')/range-to(id('tok_54')))"/><!-- ⲉⲓ̈ⲉ...ⲉⲓⲙⲉ -->
<mark id="lb_n_55" xlink:href="#xpointer(id('tok_55')/range-to(id('tok_58')))"/><!-- ⲁⲩⲱ...ⲧⲁⲙⲱ -->
<mark id="lb_n_59" xlink:href="#xpointer(id('tok_59')/range-to(id('tok_62')))"/><!-- ⲧ︤ⲛ︥...ⲧⲉⲧ -->
<mark id="lb_n_63" xlink:href="#xpointer(id('tok_63')/range-to(id('tok_68')))"/><!-- ⲛⲁ...· -->
<mark id="lb_n_69" xlink:href="#xpointer(id('tok_69')/range-to(id('tok_72')))"/><!-- Ⲉⲧⲃⲉ...ⲟⲛ -->
<mark id="lb_n_73" xlink:href="#xpointer(id('tok_73')/range-to(id('tok_75')))"/><!-- ⲛ̄ⲧⲁ...ϫⲟ -->
<mark id="lb_n_76" xlink:href="#xpointer(id('tok_76')/range-to(id('tok_79')))"/><!-- ⲟ...ⲥ︥ -->
<mark id="lb_n_80" xlink:href="#xpointer(id('tok_80')/range-to(id('tok_84')))"/><!-- ⲉ...ⲉ -->
<mark id="lb_n_85" xlink:href="#xpointer(id('tok_85')/range-to(id('tok_89')))"/><!-- ⲡ...ⲧⲉ -->
<mark id="lb_n_90" xlink:href="#xpointer(id('tok_90')/range-to(id('tok_94')))"/><!-- ⲧ︤ⲛ︥...ⲥ -->
<mark id="lb_n_95" xlink:href="#xpointer(id('tok_95')/range-to(id('tok_99')))"/><!-- ⲉ...ⲡⲉⲥ -->
<mark id="lb_n_100" xlink:href="#xpointer(id('tok_100')/range-to(id('tok_102')))"/><!-- ϩⲱⲃ⳿...ϥ︥ -->
<mark id="lb_n_103" xlink:href="#xpointer(id('tok_103')/range-to(id('tok_108')))"/><!-- ⲉ...ⲛⲏ -->
<mark id="lb_n_109" xlink:href="#xpointer(id('tok_109')/range-to(id('tok_111')))"/><!-- ⲧ︤ⲛ︥...ⲉϣϫⲉ -->
<mark id="lb_n_112" xlink:href="#xpointer(id('tok_112')/range-to(id('tok_115')))"/><!-- ⲧⲉⲧ...ⲉ -->
<mark id="lb_n_116" xlink:href="#xpointer(id('tok_116')/range-to(id('tok_119')))"/><!-- ⲃⲟⲗ...ⲙⲁ -->
<mark id="lb_n_120" xlink:href="#xpointer(id('tok_120')/range-to(id('tok_125')))"/><!-- ⲉ...ⲣ̄ -->
<mark id="lb_n_126" xlink:href="#xpointer(id('tok_126')/range-to(id('tok_132')))"/><!-- ϩⲱⲃ...ⲃ -->
<mark id="lb_n_133" xlink:href="#xpointer(id('tok_133')/range-to(id('tok_139')))"/><!-- ⲉ...· -->
<mark id="lb_n_140" xlink:href="#xpointer(id('tok_140')/range-to(id('tok_141')))"/><!-- ⲁⲩⲱ...ⲉϣⲱⲡⲉ -->
<mark id="lb_n_142" xlink:href="#xpointer(id('tok_142')/range-to(id('tok_146')))"/><!-- ⲙ̄ⲡ︤...ⲛⲁ -->
<mark id="lb_n_147" xlink:href="#xpointer(id('tok_147')/range-to(id('tok_151')))"/><!-- ⲙⲉ⳿...ⲥ -->
<mark id="lb_n_152" xlink:href="#xpointer(id('tok_152')/range-to(id('tok_156')))"/><!-- ⲟⲛ...ⲛⲁ -->
<mark id="lb_n_157" xlink:href="#xpointer(id('tok_157')/range-to(id('tok_159')))"/><!-- ⲧⲥⲁⲃⲱ...ⲉ -->
<mark id="lb_n_160" xlink:href="#xpointer(id('tok_160')/range-to(id('tok_164')))"/><!-- ⲡ...ⲁ -->
<mark id="lb_n_165" xlink:href="#xpointer(id('tok_165')/range-to(id('tok_169')))"/><!-- ⲁ...· -->
<mark id="lb_n_170" xlink:href="#xpointer(id('tok_170')/range-to(id('tok_172')))"/><!-- Ⲛ̄ⲧⲱⲧ︤ⲛ︥...ⲧⲏⲣ -->
<mark id="lb_n_173" xlink:href="#xpointer(id('tok_173')/range-to(id('tok_174')))"/><!-- ⲧ︤ⲛ︥...ⲉⲧⲉⲧ︤ⲛ︥ -->
<mark id="lb_n_175" xlink:href="#xpointer(id('tok_175')/range-to(id('tok_177')))"/><!-- ϣⲁⲛ...ⲉ -->
<mark id="lb_n_178" xlink:href="#xpointer(id('tok_178')/range-to(id('tok_182')))"/><!-- ⲣⲟ...ϩⲱⲃ -->
<mark id="lb_n_183" xlink:href="#xpointer(id('tok_183')/range-to(id('tok_186')))"/><!-- ⲛ̄...ⲧ︤ⲛ︥ -->
<mark id="lb_n_187" xlink:href="#xpointer(id('tok_187')/range-to(id('tok_189')))"/><!-- ⲧⲏⲩⲧ︤ⲛ︥...ⲧ︤ⲙ︥ -->
<mark id="lb_n_190" xlink:href="#xpointer(id('tok_190')/range-to(id('tok_192')))"/><!-- ⲧⲣⲉ...ⲧⲁ -->
<mark id="lb_n_193" xlink:href="#xpointer(id('tok_193')/range-to(id('tok_197')))"/><!-- ⲙⲟ...· -->
<mark id="lb_n_198" xlink:href="#xpointer(id('tok_198')/range-to(id('tok_200')))"/><!-- ⲉ...ⲧⲟⲩ -->
<mark id="lb_n_201" xlink:href="#xpointer(id('tok_201')/range-to(id('tok_204')))"/><!-- ⲛⲟⲥ...ⲥⲁⲧⲁ -->
<mark id="lb_n_205" xlink:href="#xpointer(id('tok_205')/range-to(id('tok_207')))"/><!-- ⲛⲁⲥ⳿...ⲉ -->
<mark id="lb_n_208" xlink:href="#xpointer(id('tok_208')/range-to(id('tok_210')))"/><!-- ϫⲱ...ⲙ̄ⲙⲓⲛ⳿ -->
<mark id="lb_n_211" xlink:href="#xpointer(id('tok_211')/range-to(id('tok_214')))"/><!-- ⲙ̄ⲙⲱ...ⲁⲩⲱ -->
<mark id="lb_n_215" xlink:href="#xpointer(id('tok_215')/range-to(id('tok_217')))"/><!-- ⲉ...ⲕⲧⲟ -->
<mark id="lb_n_218" xlink:href="#xpointer(id('tok_218')/range-to(id('tok_220')))"/><!-- ⲉⲃⲟⲗ...ⲧ︤ⲛ︥ -->
<mark id="lb_n_221" xlink:href="#xpointer(id('tok_221')/range-to(id('tok_224')))"/><!-- ⲛ̄...ⲙ -->
<mark id="lb_n_225" xlink:href="#xpointer(id('tok_225')/range-to(id('tok_227')))"/><!-- ⲡ...ⲙⲁⲩ -->
<mark id="lb_n_228" xlink:href="#xpointer(id('tok_228')/range-to(id('tok_230')))"/><!-- ⲁⲧ...· -->
<mark id="lb_n_231" xlink:href="#xpointer(id('tok_231')/range-to(id('tok_236')))"/><!-- ⲉⲓⲥ...ⲧ︤ⲛ︥ -->
<mark id="lb_n_237" xlink:href="#xpointer(id('tok_237')/range-to(id('tok_239')))"/><!-- ⲛⲟⲟⲩ...ϣⲁⲣⲱ -->
<mark id="lb_n_240" xlink:href="#xpointer(id('tok_240')/range-to(id('tok_243')))"/><!-- ⲧ︤ⲛ︥...ⲕⲉ -->
<mark id="lb_n_244" xlink:href="#xpointer(id('tok_244')/range-to(id('tok_246')))"/><!-- ⲥⲟⲡ[.]...ϩⲟⲥⲟ⳯ -->
<mark id="lb_n_247" xlink:href="#xpointer(id('tok_247')/range-to(id('tok_251')))"/><!-- ⲉ...ⲻ -->
<mark id="lb_n_252" xlink:href="#tok_252"/><!--  -->
</markList>
</paula>
